date,product_id,store_id,current_stock,reorder_point,reorder_flag
03-01-2023,103,2,52.48,369.460724,TRUE
03-01-2023,102,3,67.52,369.460724,TRUE
03-01-2023,101,3,80.96,369.460724,TRUE
03-01-2023,103,3,74.38,369.460724,TRUE
03-01-2023,104,3,68.34,369.460724,TRUE
03-01-2023,104,2,62.28,369.460724,TRUE
04-01-2023,101,1,50.73,369.460724,TRUE
04-01-2023,102,1,59.44,369.460724,TRUE
04-01-2023,103,1,94.08,369.460724,TRUE
04-01-2023,104,1,56.7,369.460724,TRUE
04-01-2023,101,2,40.15,369.460724,TRUE
04-01-2023,102,2,86.27,369.460724,TRUE
04-01-2023,103,2,58.42,369.460724,TRUE
04-01-2023,104,2,46.04,369.460724,TRUE
04-01-2023,101,3,71.07,369.460724,TRUE
04-01-2023,102,3,85.09,369.460724,TRUE
04-01-2023,103,3,30.83,369.460724,TRUE
04-01-2023,104,3,83.38,369.460724,TRUE
05-01-2023,101,2,46.15,369.460724,TRUE
05-01-2023,101,1,36.86,369.460724,TRUE
05-01-2023,102,1,13.12,369.460724,TRUE
05-01-2023,103,1,15.37,369.460724,TRUE
05-01-2023,104,1,69.8,369.460724,TRUE
05-01-2023,102,2,58.48,369.460724,TRUE
05-01-2023,103,2,21.93,369.460724,TRUE
05-01-2023,101,3,68.67,369.460724,TRUE
05-01-2023,102,3,14.82,369.460724,TRUE
05-01-2023,103,3,54.92,369.460724,TRUE
05-01-2023,104,3,10.83,369.460724,TRUE
05-01-2023,104,2,32.84,369.460724,TRUE
06-01-2023,101,1,70.33,369.460724,TRUE
06-01-2023,103,1,24.09,369.460724,TRUE
06-01-2023,104,1,21.42,369.460724,TRUE
06-01-2023,102,2,69.82,369.460724,TRUE
06-01-2023,101,2,28.32,369.460724,TRUE
06-01-2023,102,1,69.04,369.460724,TRUE
06-01-2023,103,2,63.32,369.460724,TRUE
06-01-2023,104,2,28.75,369.460724,TRUE
06-01-2023,104,3,34.1,369.460724,TRUE
06-01-2023,101,3,53.9,369.460724,TRUE
06-01-2023,102,3,49.51,369.460724,TRUE
06-01-2023,103,3,39.04,369.460724,TRUE
07-01-2023,102,2,86.67,369.460724,TRUE
07-01-2023,101,1,48.8,369.460724,TRUE
07-01-2023,102,1,39.76,369.460724,TRUE
07-01-2023,103,1,42.18,369.460724,TRUE
07-01-2023,101,2,38.04,369.460724,TRUE
07-01-2023,104,1,36.64,369.460724,TRUE
07-01-2023,103,2,49.69,369.460724,TRUE
07-01-2023,101,3,31.26,369.460724,TRUE
07-01-2023,102,3,60.1,369.460724,TRUE
07-01-2023,103,3,61.85,369.460724,TRUE
07-01-2023,104,3,57.07,369.460724,TRUE
07-01-2023,104,2,34.64,369.460724,TRUE
08-01-2023,101,2,73.39,369.460724,TRUE
08-01-2023,102,2,64.13,369.460724,TRUE
08-01-2023,101,1,60.21,369.460724,TRUE
08-01-2023,103,1,47.08,369.460724,TRUE
08-01-2023,104,1,29.26,369.460724,TRUE
08-01-2023,102,1,80.67,369.460724,TRUE
08-01-2023,104,3,51.46,369.460724,TRUE
08-01-2023,101,3,34.91,369.460724,TRUE
08-01-2023,102,3,60.38,369.460724,TRUE
08-01-2023,103,3,55.54,369.460724,TRUE
08-01-2023,104,2,90.3,369.460724,TRUE
08-01-2023,103,2,62.32,369.460724,TRUE
09-01-2023,102,2,79.72,369.460724,TRUE
09-01-2023,101,1,92.13,369.460724,TRUE
09-01-2023,102,1,87.02,369.460724,TRUE
09-01-2023,103,1,50.97,369.460724,TRUE
09-01-2023,104,1,55.79,369.460724,TRUE
09-01-2023,101,2,49.34,369.460724,TRUE
09-01-2023,104,3,97.71,369.460724,TRUE
09-01-2023,101,3,60.26,369.460724,TRUE
09-01-2023,102,3,103.8,369.460724,TRUE
09-01-2023,103,3,66.19,369.460724,TRUE
09-01-2023,103,2,85.96,369.460724,TRUE
09-01-2023,104,2,35.3,369.460724,TRUE
10-01-2023,102,2,69.04,369.460724,TRUE
10-01-2023,101,1,92.49,369.460724,TRUE
10-01-2023,102,1,99.9,369.460724,TRUE
10-01-2023,103,1,86.1,369.460724,TRUE
10-01-2023,104,1,54.45,369.460724,TRUE
10-01-2023,101,2,96.22,369.460724,TRUE
10-01-2023,104,2,91.35,369.460724,TRUE
10-01-2023,101,3,75.86,369.460724,TRUE
10-01-2023,102,3,67.04,369.460724,TRUE
10-01-2023,103,3,77.69,369.460724,TRUE
10-01-2023,104,3,72.32,369.460724,TRUE
10-01-2023,103,2,58.84,369.460724,TRUE
11-01-2023,101,2,87.15,369.460724,TRUE
11-01-2023,102,2,67.01,369.460724,TRUE
11-01-2023,102,1,54.73,369.460724,TRUE
11-01-2023,103,1,53.5,369.460724,TRUE
11-01-2023,104,1,14.49,369.460724,TRUE
11-01-2023,101,1,51.15,369.460724,TRUE
11-01-2023,104,2,58.28,369.460724,TRUE
11-01-2023,101,3,46.93,369.460724,TRUE
11-01-2023,102,3,41.79,369.460724,TRUE
11-01-2023,103,3,51.61,369.460724,TRUE
11-01-2023,104,3,36.32,369.460724,TRUE
11-01-2023,103,2,73.84,369.460724,TRUE
12-01-2023,101,2,83.28,369.460724,TRUE
12-01-2023,101,1,44.29,369.460724,TRUE
12-01-2023,102,1,52.97,369.460724,TRUE
12-01-2023,102,2,46.43,369.460724,TRUE
12-01-2023,104,1,78.26,369.460724,TRUE
12-01-2023,103,1,45.55,369.460724,TRUE
12-01-2023,103,3,45.78,369.460724,TRUE
12-01-2023,101,3,50.17,369.460724,TRUE
12-01-2023,102,3,14.48,369.460724,TRUE
12-01-2023,103,2,21.99,369.460724,TRUE
12-01-2023,104,3,75.11,369.460724,TRUE
12-01-2023,104,2,78.27,369.460724,TRUE
13-01-2023,101,1,58.21,369.460724,TRUE
13-01-2023,102,1,78.86,369.460724,TRUE
13-01-2023,103,1,85.78,369.460724,TRUE
13-01-2023,104,1,65.51,369.460724,TRUE
13-01-2023,101,2,62.86,369.460724,TRUE
13-01-2023,102,2,38.78,369.460724,TRUE
13-01-2023,103,2,52.92,369.460724,TRUE
13-01-2023,104,2,55.87,369.460724,TRUE
13-01-2023,101,3,39.8,369.460724,TRUE
13-01-2023,102,3,85.2,369.460724,TRUE
13-01-2023,103,3,44.63,369.460724,TRUE
13-01-2023,104,3,23.04,369.460724,TRUE
14-01-2023,101,1,55.58,369.460724,TRUE
14-01-2023,102,1,11.41,369.460724,TRUE
14-01-2023,103,1,56.6,369.460724,TRUE
14-01-2023,104,1,67.99,369.460724,TRUE
14-01-2023,101,2,45.71,369.460724,TRUE
14-01-2023,102,2,70.03,369.460724,TRUE
14-01-2023,103,2,49.05,369.460724,TRUE
14-01-2023,104,2,33.62,369.460724,TRUE
14-01-2023,101,3,52.07,369.460724,TRUE
14-01-2023,102,3,79.76,369.460724,TRUE
14-01-2023,103,3,35.58,369.460724,TRUE
14-01-2023,104,3,61.44,369.460724,TRUE
15-01-2023,101,1,43.66,369.460724,TRUE
15-01-2023,102,1,84.6,369.460724,TRUE
15-01-2023,103,1,85.1,369.460724,TRUE
15-01-2023,104,1,84.75,369.460724,TRUE
15-01-2023,101,2,97.49,369.460724,TRUE
15-01-2023,102,2,65.08,369.460724,TRUE
15-01-2023,103,2,77.4,369.460724,TRUE
15-01-2023,104,2,44.05,369.460724,TRUE
15-01-2023,101,3,54.51,369.460724,TRUE
15-01-2023,102,3,64.79,369.460724,TRUE
15-01-2023,103,3,61.87,369.460724,TRUE
15-01-2023,104,3,69.9,369.460724,TRUE
16-01-2023,101,2,49.56,369.460724,TRUE
16-01-2023,101,1,53.71,369.460724,TRUE
16-01-2023,102,1,58.78,369.460724,TRUE
16-01-2023,103,1,99.19,369.460724,TRUE
16-01-2023,104,1,42.36,369.460724,TRUE
16-01-2023,102,2,74.26,369.460724,TRUE
16-01-2023,103,2,51.54,369.460724,TRUE
16-01-2023,101,3,58.96,369.460724,TRUE
16-01-2023,102,3,75.29,369.460724,TRUE
16-01-2023,103,3,72.78,369.460724,TRUE
16-01-2023,104,3,72.23,369.460724,TRUE
16-01-2023,104,2,108.43,369.460724,TRUE
17-01-2023,101,1,31.88,369.460724,TRUE
17-01-2023,104,1,62.95,369.460724,TRUE
17-01-2023,102,2,92.22,369.460724,TRUE
17-01-2023,102,1,73.05,369.460724,TRUE
17-01-2023,101,2,56.29,369.460724,TRUE
17-01-2023,103,1,45.73,369.460724,TRUE
17-01-2023,103,2,48.85,369.460724,TRUE
17-01-2023,104,2,94.74,369.460724,TRUE
17-01-2023,103,3,22.77,369.460724,TRUE
17-01-2023,104,3,28.81,369.460724,TRUE
17-01-2023,101,3,66.96,369.460724,TRUE
17-01-2023,102,3,36.85,369.460724,TRUE
18-01-2023,101,1,44.14,369.460724,TRUE
18-01-2023,102,1,60.64,369.460724,TRUE
18-01-2023,103,1,46.17,369.460724,TRUE
18-01-2023,104,1,17.02,369.460724,TRUE
18-01-2023,101,2,29.56,369.460724,TRUE
18-01-2023,102,2,24.5,369.460724,TRUE
18-01-2023,103,2,28.95,369.460724,TRUE
18-01-2023,104,2,37.05,369.460724,TRUE
18-01-2023,101,3,62.47,369.460724,TRUE
18-01-2023,102,3,86.51,369.460724,TRUE
18-01-2023,103,3,23.21,369.460724,TRUE
18-01-2023,104,3,70.67,369.460724,TRUE
19-01-2023,102,1,64.94,369.460724,TRUE
19-01-2023,101,2,53.1,369.460724,TRUE
19-01-2023,101,1,60.01,369.460724,TRUE
19-01-2023,103,1,31.77,369.460724,TRUE
19-01-2023,104,1,32.01,369.460724,TRUE
19-01-2023,102,2,85.79,369.460724,TRUE
19-01-2023,103,2,43.33,369.460724,TRUE
19-01-2023,101,3,14.21,369.460724,TRUE
19-01-2023,102,3,78.31,369.460724,TRUE
19-01-2023,104,3,37.34,369.460724,TRUE
19-01-2023,104,2,10.12,369.460724,TRUE
19-01-2023,103,3,95.43,369.460724,TRUE
20-01-2023,101,2,31.67,369.460724,TRUE
20-01-2023,102,2,49.13,369.460724,TRUE
20-01-2023,101,1,58.97,369.460724,TRUE
20-01-2023,102,1,55.83,369.460724,TRUE
20-01-2023,103,1,92.19,369.460724,TRUE
20-01-2023,104,1,20.02,369.460724,TRUE
20-01-2023,104,2,47.28,369.460724,TRUE
20-01-2023,102,3,32.97,369.460724,TRUE
20-01-2023,103,3,90.71,369.460724,TRUE
20-01-2023,103,2,52.53,369.460724,TRUE
20-01-2023,104,3,57.2,369.460724,TRUE
20-01-2023,101,3,51.18,369.460724,TRUE
21-01-2023,101,1,64.89,369.460724,TRUE
21-01-2023,102,1,57.65,369.460724,TRUE
21-01-2023,103,1,58.48,369.460724,TRUE
21-01-2023,104,1,40.41,369.460724,TRUE
21-01-2023,101,2,37.65,369.460724,TRUE
21-01-2023,102,2,73.04,369.460724,TRUE
21-01-2023,103,2,59.48,369.460724,TRUE
21-01-2023,104,2,59.8,369.460724,TRUE
21-01-2023,101,3,56.3,369.460724,TRUE
21-01-2023,102,3,69.8,369.460724,TRUE
21-01-2023,103,3,37.47,369.460724,TRUE
21-01-2023,104,3,69.45,369.460724,TRUE
22-01-2023,101,2,93.72,369.460724,TRUE
22-01-2023,101,1,76.74,369.460724,TRUE
22-01-2023,102,1,50.53,369.460724,TRUE
22-01-2023,103,1,93.43,369.460724,TRUE
22-01-2023,104,1,58.42,369.460724,TRUE
22-01-2023,102,2,48.05,369.460724,TRUE
22-01-2023,103,2,61.45,369.460724,TRUE
22-01-2023,101,3,72.26,369.460724,TRUE
22-01-2023,102,3,66.81,369.460724,TRUE
22-01-2023,103,3,77.72,369.460724,TRUE
22-01-2023,104,3,90.19,369.460724,TRUE
22-01-2023,104,2,78.92,369.460724,TRUE
23-01-2023,104,1,67.64,369.460724,TRUE
23-01-2023,101,1,76.35,369.460724,TRUE
23-01-2023,102,1,61.15,369.460724,TRUE
23-01-2023,103,1,65.75,369.460724,TRUE
23-01-2023,101,2,69.98,369.460724,TRUE
23-01-2023,102,2,58.87,369.460724,TRUE
23-01-2023,103,2,81.99,369.460724,TRUE
23-01-2023,102,3,88.03,369.460724,TRUE
23-01-2023,101,3,55.5,369.460724,TRUE
23-01-2023,103,3,44.26,369.460724,TRUE
23-01-2023,104,3,62.65,369.460724,TRUE
23-01-2023,104,2,69.09,369.460724,TRUE
24-01-2023,101,1,78.54,369.460724,TRUE
24-01-2023,102,1,71.8,369.460724,TRUE
24-01-2023,103,1,44.48,369.460724,TRUE
24-01-2023,104,1,39.73,369.460724,TRUE
24-01-2023,101,2,46.46,369.460724,TRUE
24-01-2023,102,2,79.53,369.460724,TRUE
24-01-2023,103,2,35.38,369.460724,TRUE
24-01-2023,104,2,56.8,369.460724,TRUE
24-01-2023,101,3,75.68,369.460724,TRUE
24-01-2023,102,3,58.48,369.460724,TRUE
24-01-2023,103,3,107.9,369.460724,TRUE
24-01-2023,104,3,47.41,369.460724,TRUE
25-01-2023,101,1,41,369.460724,TRUE
25-01-2023,102,1,35.65,369.460724,TRUE
25-01-2023,103,1,61.74,369.460724,TRUE
25-01-2023,104,1,69.13,369.460724,TRUE
25-01-2023,101,2,30.92,369.460724,TRUE
25-01-2023,102,2,57.84,369.460724,TRUE
25-01-2023,103,2,32,369.460724,TRUE
25-01-2023,104,2,53.52,369.460724,TRUE
25-01-2023,101,3,38.35,369.460724,TRUE
25-01-2023,102,3,19.77,369.460724,TRUE
25-01-2023,103,3,64.98,369.460724,TRUE
25-01-2023,104,3,42.27,369.460724,TRUE
26-01-2023,101,1,45.48,369.460724,TRUE
26-01-2023,102,1,36.18,369.460724,TRUE
26-01-2023,103,1,46.37,369.460724,TRUE
26-01-2023,104,1,40.05,369.460724,TRUE
26-01-2023,101,2,84.36,369.460724,TRUE
26-01-2023,102,2,46.1,369.460724,TRUE
26-01-2023,103,2,36.06,369.460724,TRUE
26-01-2023,104,2,54.2,369.460724,TRUE
26-01-2023,101,3,50.25,369.460724,TRUE
26-01-2023,102,3,56.81,369.460724,TRUE
26-01-2023,103,3,37.56,369.460724,TRUE
26-01-2023,104,3,45.13,369.460724,TRUE
27-01-2023,101,2,55.35,369.460724,TRUE
27-01-2023,101,1,82.17,369.460724,TRUE
27-01-2023,102,1,60.08,369.460724,TRUE
27-01-2023,103,1,40.23,369.460724,TRUE
27-01-2023,104,1,56.82,369.460724,TRUE
27-01-2023,102,2,29.94,369.460724,TRUE
27-01-2023,103,2,57.29,369.460724,TRUE
27-01-2023,101,3,38.72,369.460724,TRUE
27-01-2023,102,3,50.78,369.460724,TRUE
27-01-2023,103,3,70.77,369.460724,TRUE
27-01-2023,104,3,89.7,369.460724,TRUE
27-01-2023,104,2,38.33,369.460724,TRUE
28-01-2023,101,1,50.08,369.460724,TRUE
28-01-2023,104,1,45.09,369.460724,TRUE
28-01-2023,102,2,86.26,369.460724,TRUE
28-01-2023,102,1,97.47,369.460724,TRUE
28-01-2023,101,2,18.83,369.460724,TRUE
28-01-2023,103,1,40.23,369.460724,TRUE
28-01-2023,103,2,33.87,369.460724,TRUE
28-01-2023,104,2,67.92,369.460724,TRUE
28-01-2023,103,3,52.28,369.460724,TRUE
28-01-2023,104,3,48.05,369.460724,TRUE
28-01-2023,101,3,60.13,369.460724,TRUE
28-01-2023,102,3,22.35,369.460724,TRUE
29-01-2023,101,1,37.21,369.460724,TRUE
29-01-2023,102,1,88.41,369.460724,TRUE
29-01-2023,103,1,68.47,369.460724,TRUE
29-01-2023,104,1,69.43,369.460724,TRUE
29-01-2023,101,2,45.55,369.460724,TRUE
29-01-2023,102,2,89.17,369.460724,TRUE
29-01-2023,103,2,41.28,369.460724,TRUE
29-01-2023,104,2,66.72,369.460724,TRUE
29-01-2023,101,3,45.32,369.460724,TRUE
29-01-2023,102,3,45.46,369.460724,TRUE
29-01-2023,103,3,70.6,369.460724,TRUE
29-01-2023,104,3,60.61,369.460724,TRUE
30-01-2023,102,1,26.4,369.460724,TRUE
30-01-2023,101,2,71.47,369.460724,TRUE
30-01-2023,101,1,98.69,369.460724,TRUE
30-01-2023,103,1,72.8,369.460724,TRUE
30-01-2023,104,1,79.68,369.460724,TRUE
30-01-2023,102,2,38.16,369.460724,TRUE
30-01-2023,103,2,33.45,369.460724,TRUE
30-01-2023,101,3,61.2,369.460724,TRUE
30-01-2023,102,3,61.03,369.460724,TRUE
30-01-2023,104,3,32.57,369.460724,TRUE
30-01-2023,104,2,19.52,369.460724,TRUE
30-01-2023,103,3,46.39,369.460724,TRUE
31-01-2023,101,2,95.14,369.460724,TRUE
31-01-2023,102,2,63.99,369.460724,TRUE
31-01-2023,101,1,78.35,369.460724,TRUE
31-01-2023,102,1,48.25,369.460724,TRUE
31-01-2023,103,1,94.73,369.460724,TRUE
31-01-2023,104,1,57.44,369.460724,TRUE
31-01-2023,104,2,76.08,369.460724,TRUE
31-01-2023,102,3,88.08,369.460724,TRUE
31-01-2023,103,3,75.73,369.460724,TRUE
31-01-2023,103,2,66.06,369.460724,TRUE
31-01-2023,104,3,61.93,369.460724,TRUE
31-01-2023,101,3,59.95,369.460724,TRUE
01-02-2023,101,1,71.26,369.460724,TRUE
01-02-2023,102,1,43.52,369.460724,TRUE
01-02-2023,103,1,30.53,369.460724,TRUE
01-02-2023,104,1,48.36,369.460724,TRUE
01-02-2023,101,2,35.64,369.460724,TRUE
01-02-2023,102,2,57.44,369.460724,TRUE
01-02-2023,103,2,51.79,369.460724,TRUE
01-02-2023,104,2,55.1,369.460724,TRUE
01-02-2023,101,3,60.16,369.460724,TRUE
01-02-2023,102,3,32.04,369.460724,TRUE
01-02-2023,103,3,45.51,369.460724,TRUE
01-02-2023,104,3,75.45,369.460724,TRUE
02-02-2023,101,2,30.89,369.460724,TRUE
02-02-2023,101,1,45.74,369.460724,TRUE
02-02-2023,102,1,12.79,369.460724,TRUE
02-02-2023,103,1,78.84,369.460724,TRUE
02-02-2023,104,1,53.59,369.460724,TRUE
02-02-2023,102,2,44.5,369.460724,TRUE
02-02-2023,103,2,45.38,369.460724,TRUE
02-02-2023,101,3,47.17,369.460724,TRUE
02-02-2023,102,3,52.91,369.460724,TRUE
02-02-2023,103,3,33.09,369.460724,TRUE
02-02-2023,104,3,75.97,369.460724,TRUE
02-02-2023,104,2,43.3,369.460724,TRUE
03-02-2023,101,1,29.96,369.460724,TRUE
03-02-2023,104,1,86.08,369.460724,TRUE
03-02-2023,102,2,37.88,369.460724,TRUE
03-02-2023,102,1,59.45,369.460724,TRUE
03-02-2023,101,2,86.22,369.460724,TRUE
03-02-2023,103,1,47.01,369.460724,TRUE
03-02-2023,103,2,51.37,369.460724,TRUE
03-02-2023,104,2,46.69,369.460724,TRUE
03-02-2023,103,3,88.98,369.460724,TRUE
03-02-2023,104,3,32,369.460724,TRUE
03-02-2023,101,3,83.32,369.460724,TRUE
03-02-2023,102,3,68.53,369.460724,TRUE
04-02-2023,102,2,58.38,369.460724,TRUE
04-02-2023,101,1,72.02,369.460724,TRUE
04-02-2023,102,1,74.89,369.460724,TRUE
04-02-2023,103,1,62.35,369.460724,TRUE
04-02-2023,101,2,72.47,369.460724,TRUE
04-02-2023,104,1,56.35,369.460724,TRUE
04-02-2023,103,2,66.59,369.460724,TRUE
04-02-2023,101,3,21.88,369.460724,TRUE
04-02-2023,102,3,88.91,369.460724,TRUE
04-02-2023,103,3,18.17,369.460724,TRUE
04-02-2023,104,3,55.31,369.460724,TRUE
04-02-2023,104,2,79.96,369.460724,TRUE
05-02-2023,101,2,72.96,369.460724,TRUE
05-02-2023,101,1,56.61,369.460724,TRUE
05-02-2023,102,2,54.76,369.460724,TRUE
05-02-2023,103,1,117.11,369.460724,TRUE
05-02-2023,104,1,43.27,369.460724,TRUE
05-02-2023,102,1,51.46,369.460724,TRUE
05-02-2023,103,3,43.38,369.460724,TRUE
05-02-2023,101,3,85.84,369.460724,TRUE
05-02-2023,102,3,40.66,369.460724,TRUE
05-02-2023,104,3,104.38,369.460724,TRUE
05-02-2023,104,2,91.18,369.460724,TRUE
05-02-2023,103,2,74.73,369.460724,TRUE
06-02-2023,103,1,46.22,369.460724,TRUE
06-02-2023,104,1,44.88,369.460724,TRUE
06-02-2023,102,2,81.27,369.460724,TRUE
06-02-2023,102,1,76.34,369.460724,TRUE
06-02-2023,101,2,59.88,369.460724,TRUE
06-02-2023,101,1,34.66,369.460724,TRUE
06-02-2023,103,2,51.67,369.460724,TRUE
06-02-2023,104,3,63.35,369.460724,TRUE
06-02-2023,103,3,81.11,369.460724,TRUE
06-02-2023,104,2,39.86,369.460724,TRUE
06-02-2023,101,3,56.84,369.460724,TRUE
06-02-2023,102,3,37.29,369.460724,TRUE
07-02-2023,101,1,46.27,369.460724,TRUE
07-02-2023,102,1,86,369.460724,TRUE
07-02-2023,103,1,49.56,369.460724,TRUE
07-02-2023,104,1,67.39,369.460724,TRUE
07-02-2023,101,2,74.29,369.460724,TRUE
07-02-2023,102,2,94.14,369.460724,TRUE
07-02-2023,103,2,95.75,369.460724,TRUE
07-02-2023,104,2,44.24,369.460724,TRUE
07-02-2023,101,3,53.45,369.460724,TRUE
07-02-2023,102,3,77.6,369.460724,TRUE
07-02-2023,103,3,75.86,369.460724,TRUE
07-02-2023,104,3,61.12,369.460724,TRUE
08-02-2023,102,1,93.36,369.460724,TRUE
08-02-2023,101,2,80.32,369.460724,TRUE
08-02-2023,101,1,95.56,369.460724,TRUE
08-02-2023,103,1,43.94,369.460724,TRUE
08-02-2023,104,1,74.9,369.460724,TRUE
08-02-2023,102,2,56.33,369.460724,TRUE
08-02-2023,103,2,74.28,369.460724,TRUE
08-02-2023,101,3,47.01,369.460724,TRUE
08-02-2023,102,3,68.06,369.460724,TRUE
08-02-2023,104,3,18.13,369.460724,TRUE
08-02-2023,104,2,59.21,369.460724,TRUE
08-02-2023,103,3,70.4,369.460724,TRUE
09-02-2023,102,1,47.12,369.460724,TRUE
09-02-2023,102,2,64.58,369.460724,TRUE
09-02-2023,103,1,16.47,369.460724,TRUE
09-02-2023,101,2,85.39,369.460724,TRUE
09-02-2023,101,1,68.81,369.460724,TRUE
09-02-2023,104,1,90.26,369.460724,TRUE
09-02-2023,104,2,48.58,369.460724,TRUE
09-02-2023,102,3,63.7,369.460724,TRUE
09-02-2023,104,3,33.56,369.460724,TRUE
09-02-2023,101,3,24.23,369.460724,TRUE
09-02-2023,103,3,49.19,369.460724,TRUE
09-02-2023,103,2,66.4,369.460724,TRUE
10-02-2023,102,2,42.15,369.460724,TRUE
10-02-2023,101,1,65.28,369.460724,TRUE
10-02-2023,102,1,9.76,369.460724,TRUE
10-02-2023,103,1,56.27,369.460724,TRUE
10-02-2023,101,2,48.48,369.460724,TRUE
10-02-2023,104,1,48.91,369.460724,TRUE
10-02-2023,103,2,59.7,369.460724,TRUE
10-02-2023,101,3,63.11,369.460724,TRUE
10-02-2023,102,3,35.51,369.460724,TRUE
10-02-2023,103,3,49.15,369.460724,TRUE
10-02-2023,104,3,70.34,369.460724,TRUE
10-02-2023,104,2,43.24,369.460724,TRUE
11-02-2023,101,2,66.73,369.460724,TRUE
11-02-2023,102,2,56.68,369.460724,TRUE
11-02-2023,101,1,63.32,369.460724,TRUE
11-02-2023,103,1,43.03,369.460724,TRUE
11-02-2023,104,1,95.22,369.460724,TRUE
11-02-2023,102,1,47,369.460724,TRUE
11-02-2023,103,3,56.4,369.460724,TRUE
11-02-2023,101,3,72.48,369.460724,TRUE
11-02-2023,102,3,43.87,369.460724,TRUE
11-02-2023,104,3,74.5,369.460724,TRUE
11-02-2023,103,2,72.09,369.460724,TRUE
11-02-2023,104,2,15.33,369.460724,TRUE
12-02-2023,102,2,64.67,369.460724,TRUE
12-02-2023,101,2,88.66,369.460724,TRUE
12-02-2023,101,1,99.44,369.460724,TRUE
12-02-2023,102,1,71.7,369.460724,TRUE
12-02-2023,103,1,98.38,369.460724,TRUE
12-02-2023,104,1,92.73,369.460724,TRUE
12-02-2023,104,2,43.97,369.460724,TRUE
12-02-2023,102,3,69.91,369.460724,TRUE
12-02-2023,103,3,57.13,369.460724,TRUE
12-02-2023,104,3,95.57,369.460724,TRUE
12-02-2023,103,2,75.79,369.460724,TRUE
12-02-2023,101,3,104.07,369.460724,TRUE
13-02-2023,101,1,84.29,369.460724,TRUE
13-02-2023,102,1,76.99,369.460724,TRUE
13-02-2023,103,1,50.87,369.460724,TRUE
13-02-2023,104,1,60.57,369.460724,TRUE
13-02-2023,101,2,65.54,369.460724,TRUE
13-02-2023,102,2,59.04,369.460724,TRUE
13-02-2023,103,2,42.21,369.460724,TRUE
13-02-2023,104,2,94.3,369.460724,TRUE
13-02-2023,101,3,71.62,369.460724,TRUE
13-02-2023,102,3,62.14,369.460724,TRUE
13-02-2023,103,3,49.66,369.460724,TRUE
13-02-2023,104,3,64.82,369.460724,TRUE
14-02-2023,101,2,62.86,369.460724,TRUE
14-02-2023,101,1,63.84,369.460724,TRUE
14-02-2023,102,1,48.93,369.460724,TRUE
14-02-2023,103,1,67.88,369.460724,TRUE
14-02-2023,104,1,54.7,369.460724,TRUE
14-02-2023,102,2,50.03,369.460724,TRUE
14-02-2023,103,2,73.99,369.460724,TRUE
14-02-2023,101,3,48.3,369.460724,TRUE
14-02-2023,102,3,48.09,369.460724,TRUE
14-02-2023,103,3,86.3,369.460724,TRUE
14-02-2023,104,3,62.53,369.460724,TRUE
14-02-2023,104,2,64.53,369.460724,TRUE
15-02-2023,101,1,85.64,369.460724,TRUE
15-02-2023,103,1,45.79,369.460724,TRUE
15-02-2023,104,1,62.77,369.460724,TRUE
15-02-2023,102,2,52.61,369.460724,TRUE
15-02-2023,101,2,67.83,369.460724,TRUE
15-02-2023,102,1,47.86,369.460724,TRUE
15-02-2023,103,2,38.82,369.460724,TRUE
15-02-2023,104,2,54.05,369.460724,TRUE
15-02-2023,104,3,67.13,369.460724,TRUE
15-02-2023,101,3,25.97,369.460724,TRUE
15-02-2023,102,3,42.36,369.460724,TRUE
15-02-2023,103,3,21.71,369.460724,TRUE
16-02-2023,102,2,31.93,369.460724,TRUE
16-02-2023,101,1,33.69,369.460724,TRUE
16-02-2023,102,1,30.47,369.460724,TRUE
16-02-2023,103,1,75.36,369.460724,TRUE
16-02-2023,101,2,30.7,369.460724,TRUE
16-02-2023,104,1,38.94,369.460724,TRUE
16-02-2023,103,2,48.21,369.460724,TRUE
16-02-2023,101,3,41.2,369.460724,TRUE
16-02-2023,102,3,38.68,369.460724,TRUE
16-02-2023,103,3,51.55,369.460724,TRUE
16-02-2023,104,3,71.04,369.460724,TRUE
16-02-2023,104,2,38.17,369.460724,TRUE
17-02-2023,101,2,81.1,369.460724,TRUE
17-02-2023,102,2,41.56,369.460724,TRUE
17-02-2023,101,1,76.83,369.460724,TRUE
17-02-2023,103,1,44.55,369.460724,TRUE
17-02-2023,104,1,70.94,369.460724,TRUE
17-02-2023,102,1,21.81,369.460724,TRUE
17-02-2023,104,3,72.5,369.460724,TRUE
17-02-2023,101,3,75.02,369.460724,TRUE
17-02-2023,102,3,37.83,369.460724,TRUE
17-02-2023,103,3,48.12,369.460724,TRUE
17-02-2023,104,2,33.77,369.460724,TRUE
17-02-2023,103,2,47.93,369.460724,TRUE
18-02-2023,104,1,80.11,369.460724,TRUE
18-02-2023,103,1,60.18,369.460724,TRUE
18-02-2023,101,2,51.24,369.460724,TRUE
18-02-2023,101,1,48.93,369.460724,TRUE
18-02-2023,102,1,76.27,369.460724,TRUE
18-02-2023,102,2,42.82,369.460724,TRUE
18-02-2023,103,2,53.21,369.460724,TRUE
18-02-2023,103,3,42.45,369.460724,TRUE
18-02-2023,104,3,30.16,369.460724,TRUE
18-02-2023,104,2,56,369.460724,TRUE
18-02-2023,102,3,20.48,369.460724,TRUE
18-02-2023,101,3,36.45,369.460724,TRUE
19-02-2023,102,2,22.29,369.460724,TRUE
19-02-2023,102,1,76.06,369.460724,TRUE
19-02-2023,103,1,86.79,369.460724,TRUE
19-02-2023,104,1,44.77,369.460724,TRUE
19-02-2023,101,2,79.58,369.460724,TRUE
19-02-2023,101,1,59.64,369.460724,TRUE
19-02-2023,103,2,84.76,369.460724,TRUE
19-02-2023,104,2,58.25,369.460724,TRUE
19-02-2023,101,3,71.31,369.460724,TRUE
19-02-2023,102,3,28.85,369.460724,TRUE
19-02-2023,104,3,38.51,369.460724,TRUE
19-02-2023,103,3,73.48,369.460724,TRUE
20-02-2023,102,2,87.64,369.460724,TRUE
20-02-2023,101,1,80.06,369.460724,TRUE
20-02-2023,102,1,24.82,369.460724,TRUE
20-02-2023,103,1,51.82,369.460724,TRUE
20-02-2023,101,2,22.25,369.460724,TRUE
20-02-2023,104,1,63.14,369.460724,TRUE
20-02-2023,101,3,68.83,369.460724,TRUE
20-02-2023,104,2,67.7,369.460724,TRUE
20-02-2023,102,3,58.89,369.460724,TRUE
20-02-2023,103,3,34.2,369.460724,TRUE
20-02-2023,104,3,42.93,369.460724,TRUE
20-02-2023,103,2,69.06,369.460724,TRUE
21-02-2023,104,1,70.68,369.460724,TRUE
21-02-2023,103,1,55.11,369.460724,TRUE
21-02-2023,101,2,60.64,369.460724,TRUE
21-02-2023,101,1,91.82,369.460724,TRUE
21-02-2023,102,2,73.5,369.460724,TRUE
21-02-2023,102,1,64.84,369.460724,TRUE
21-02-2023,102,3,68.08,369.460724,TRUE
21-02-2023,103,3,88.23,369.460724,TRUE
21-02-2023,104,3,97.39,369.460724,TRUE
21-02-2023,104,2,69.49,369.460724,TRUE
21-02-2023,103,2,85.74,369.460724,TRUE
21-02-2023,101,3,62.66,369.460724,TRUE
22-02-2023,101,1,25.48,369.460724,TRUE
22-02-2023,102,1,25.22,369.460724,TRUE
22-02-2023,103,1,47.28,369.460724,TRUE
22-02-2023,104,1,54.91,369.460724,TRUE
22-02-2023,101,2,79.06,369.460724,TRUE
22-02-2023,102,2,62.97,369.460724,TRUE
22-02-2023,103,2,23.29,369.460724,TRUE
22-02-2023,104,2,83.93,369.460724,TRUE
22-02-2023,101,3,95.6,369.460724,TRUE
22-02-2023,102,3,92.02,369.460724,TRUE
22-02-2023,103,3,82.21,369.460724,TRUE
22-02-2023,104,3,62.27,369.460724,TRUE
23-02-2023,101,1,93.71,369.460724,TRUE
23-02-2023,102,1,25.84,369.460724,TRUE
23-02-2023,103,1,66.22,369.460724,TRUE
23-02-2023,104,1,48.51,369.460724,TRUE
23-02-2023,101,2,63.79,369.460724,TRUE
23-02-2023,102,2,32.41,369.460724,TRUE
23-02-2023,103,2,36.6,369.460724,TRUE
23-02-2023,104,2,38.45,369.460724,TRUE
23-02-2023,101,3,39.65,369.460724,TRUE
23-02-2023,102,3,28.88,369.460724,TRUE
23-02-2023,103,3,44.24,369.460724,TRUE
23-02-2023,104,3,25.68,369.460724,TRUE
24-02-2023,101,1,22.48,369.460724,TRUE
24-02-2023,102,1,72.44,369.460724,TRUE
24-02-2023,103,1,62.73,369.460724,TRUE
24-02-2023,104,1,80.09,369.460724,TRUE
24-02-2023,101,2,44.48,369.460724,TRUE
24-02-2023,102,2,33.62,369.460724,TRUE
24-02-2023,103,2,29.58,369.460724,TRUE
24-02-2023,104,2,31.05,369.460724,TRUE
24-02-2023,101,3,71.86,369.460724,TRUE
24-02-2023,102,3,39.1,369.460724,TRUE
24-02-2023,103,3,60.49,369.460724,TRUE
24-02-2023,104,3,49.72,369.460724,TRUE
25-02-2023,101,2,10.36,369.460724,TRUE
25-02-2023,101,1,88.76,369.460724,TRUE
25-02-2023,102,1,47.31,369.460724,TRUE
25-02-2023,103,1,33.4,369.460724,TRUE
25-02-2023,104,1,87.19,369.460724,TRUE
25-02-2023,102,2,49.31,369.460724,TRUE
25-02-2023,103,2,63.74,369.460724,TRUE
25-02-2023,101,3,68.27,369.460724,TRUE
25-02-2023,102,3,64.89,369.460724,TRUE
25-02-2023,103,3,85.17,369.460724,TRUE
25-02-2023,104,3,95.35,369.460724,TRUE
25-02-2023,104,2,81.69,369.460724,TRUE
26-02-2023,104,1,87.13,369.460724,TRUE
26-02-2023,101,1,47.63,369.460724,TRUE
26-02-2023,102,1,66.53,369.460724,TRUE
26-02-2023,103,1,98.09,369.460724,TRUE
26-02-2023,101,2,32.53,369.460724,TRUE
26-02-2023,102,2,49.93,369.460724,TRUE
26-02-2023,103,2,63.17,369.460724,TRUE
26-02-2023,101,3,73.11,369.460724,TRUE
26-02-2023,102,3,83.25,369.460724,TRUE
26-02-2023,103,3,73.94,369.460724,TRUE
26-02-2023,104,2,55.57,369.460724,TRUE
26-02-2023,104,3,51.06,369.460724,TRUE
27-02-2023,102,2,72.95,369.460724,TRUE
27-02-2023,101,1,95.07,369.460724,TRUE
27-02-2023,101,2,47.95,369.460724,TRUE
27-02-2023,103,1,88.71,369.460724,TRUE
27-02-2023,104,1,33.61,369.460724,TRUE
27-02-2023,102,1,38.86,369.460724,TRUE
27-02-2023,103,3,51.15,369.460724,TRUE
27-02-2023,101,3,82.48,369.460724,TRUE
27-02-2023,102,3,60.68,369.460724,TRUE
27-02-2023,104,2,50.37,369.460724,TRUE
27-02-2023,104,3,81.4,369.460724,TRUE
27-02-2023,103,2,47.88,369.460724,TRUE
28-02-2023,101,1,87.19,369.460724,TRUE
28-02-2023,102,1,44.63,369.460724,TRUE
28-02-2023,103,1,47.78,369.460724,TRUE
28-02-2023,104,1,92.79,369.460724,TRUE
28-02-2023,101,2,70.41,369.460724,TRUE
28-02-2023,102,2,90.12,369.460724,TRUE
28-02-2023,103,2,51.86,369.460724,TRUE
28-02-2023,104,2,52.4,369.460724,TRUE
28-02-2023,101,3,45.47,369.460724,TRUE
28-02-2023,102,3,64.13,369.460724,TRUE
28-02-2023,103,3,74.53,369.460724,TRUE
28-02-2023,104,3,32.34,369.460724,TRUE
01-03-2023,101,2,40.12,369.460724,TRUE
01-03-2023,101,1,48.95,369.460724,TRUE
01-03-2023,102,1,71.72,369.460724,TRUE
01-03-2023,103,1,19.43,369.460724,TRUE
01-03-2023,104,1,48.86,369.460724,TRUE
01-03-2023,102,2,51.41,369.460724,TRUE
01-03-2023,103,2,71.37,369.460724,TRUE
01-03-2023,101,3,50.83,369.460724,TRUE
01-03-2023,102,3,39.19,369.460724,TRUE
01-03-2023,103,3,24.66,369.460724,TRUE
01-03-2023,104,3,42.33,369.460724,TRUE
01-03-2023,104,2,44.96,369.460724,TRUE
02-03-2023,103,1,75.92,369.460724,TRUE
02-03-2023,102,2,23.98,369.460724,TRUE
02-03-2023,101,1,31.45,369.460724,TRUE
02-03-2023,102,1,51.48,369.460724,TRUE
02-03-2023,104,1,15.69,369.460724,TRUE
02-03-2023,101,2,62.63,369.460724,TRUE
02-03-2023,104,2,59.69,369.460724,TRUE
02-03-2023,102,3,45.91,369.460724,TRUE
02-03-2023,103,3,80.02,369.460724,TRUE
02-03-2023,104,3,54.64,369.460724,TRUE
02-03-2023,101,3,76.23,369.460724,TRUE
02-03-2023,103,2,81.64,369.460724,TRUE
03-03-2023,102,2,61.36,369.460724,TRUE
03-03-2023,101,1,35.65,369.460724,TRUE
03-03-2023,103,1,67.01,369.460724,TRUE
03-03-2023,104,1,66.74,369.460724,TRUE
03-03-2023,101,2,72.65,369.460724,TRUE
03-03-2023,102,1,17.43,369.460724,TRUE
03-03-2023,103,2,62.17,369.460724,TRUE
03-03-2023,104,2,38.15,369.460724,TRUE
03-03-2023,101,3,60.32,369.460724,TRUE
03-03-2023,103,3,65.34,369.460724,TRUE
03-03-2023,104,3,45.01,369.460724,TRUE
03-03-2023,102,3,41,369.460724,TRUE
04-03-2023,102,2,90.18,369.460724,TRUE
04-03-2023,101,1,68.04,369.460724,TRUE
04-03-2023,102,1,47.21,369.460724,TRUE
04-03-2023,103,1,74.33,369.460724,TRUE
04-03-2023,101,2,75.78,369.460724,TRUE
04-03-2023,104,1,84.82,369.460724,TRUE
04-03-2023,101,3,21.53,369.460724,TRUE
04-03-2023,104,2,58.49,369.460724,TRUE
04-03-2023,102,3,79.77,369.460724,TRUE
04-03-2023,103,3,79.42,369.460724,TRUE
04-03-2023,104,3,90.29,369.460724,TRUE
04-03-2023,103,2,68.38,369.460724,TRUE
05-03-2023,104,1,83.58,369.460724,TRUE
05-03-2023,103,1,106.39,369.460724,TRUE
05-03-2023,101,2,82.51,369.460724,TRUE
05-03-2023,102,2,85.79,369.460724,TRUE
05-03-2023,102,1,75.79,369.460724,TRUE
05-03-2023,101,1,39.88,369.460724,TRUE
05-03-2023,101,3,29.04,369.460724,TRUE
05-03-2023,103,3,84.58,369.460724,TRUE
05-03-2023,104,3,59.3,369.460724,TRUE
05-03-2023,104,2,67.2,369.460724,TRUE
05-03-2023,102,3,35.45,369.460724,TRUE
05-03-2023,103,2,49.66,369.460724,TRUE
06-03-2023,102,2,97.16,369.460724,TRUE
06-03-2023,101,1,79.21,369.460724,TRUE
06-03-2023,102,1,98.84,369.460724,TRUE
06-03-2023,103,1,67.37,369.460724,TRUE
06-03-2023,104,1,78.45,369.460724,TRUE
06-03-2023,101,2,76.63,369.460724,TRUE
06-03-2023,104,2,62.62,369.460724,TRUE
06-03-2023,101,3,46.15,369.460724,TRUE
06-03-2023,102,3,71.49,369.460724,TRUE
06-03-2023,103,3,62.57,369.460724,TRUE
06-03-2023,104,3,69.41,369.460724,TRUE
06-03-2023,103,2,89.5,369.460724,TRUE
07-03-2023,101,2,82.4,369.460724,TRUE
07-03-2023,102,2,59.39,369.460724,TRUE
07-03-2023,102,1,71.19,369.460724,TRUE
07-03-2023,103,1,103.18,369.460724,TRUE
07-03-2023,104,1,71.23,369.460724,TRUE
07-03-2023,101,1,81.26,369.460724,TRUE
07-03-2023,104,2,74.5,369.460724,TRUE
07-03-2023,101,3,87.56,369.460724,TRUE
07-03-2023,102,3,43.23,369.460724,TRUE
07-03-2023,103,3,69.36,369.460724,TRUE
07-03-2023,104,3,70.79,369.460724,TRUE
07-03-2023,103,2,75,369.460724,TRUE
08-03-2023,101,2,35.63,369.460724,TRUE
08-03-2023,102,2,43.43,369.460724,TRUE
08-03-2023,102,1,59.47,369.460724,TRUE
08-03-2023,103,1,31.8,369.460724,TRUE
08-03-2023,104,1,97.01,369.460724,TRUE
08-03-2023,101,1,70.67,369.460724,TRUE
08-03-2023,104,2,37.18,369.460724,TRUE
08-03-2023,101,3,41.22,369.460724,TRUE
08-03-2023,102,3,80.73,369.460724,TRUE
08-03-2023,103,3,62.99,369.460724,TRUE
08-03-2023,104,3,55.45,369.460724,TRUE
08-03-2023,103,2,31.6,369.460724,TRUE
09-03-2023,102,2,64.86,369.460724,TRUE
09-03-2023,101,1,61.01,369.460724,TRUE
09-03-2023,102,1,59.53,369.460724,TRUE
09-03-2023,103,1,45.88,369.460724,TRUE
09-03-2023,104,1,57.43,369.460724,TRUE
09-03-2023,101,2,76.32,369.460724,TRUE
09-03-2023,104,2,53.33,369.460724,TRUE
09-03-2023,101,3,70.33,369.460724,TRUE
09-03-2023,102,3,76.8,369.460724,TRUE
09-03-2023,103,3,82.82,369.460724,TRUE
09-03-2023,104,3,56.16,369.460724,TRUE
09-03-2023,103,2,50.43,369.460724,TRUE
10-03-2023,102,2,32.74,369.460724,TRUE
10-03-2023,101,1,65.68,369.460724,TRUE
10-03-2023,102,1,44.31,369.460724,TRUE
10-03-2023,103,1,86.98,369.460724,TRUE
10-03-2023,104,1,61.77,369.460724,TRUE
10-03-2023,101,2,52.06,369.460724,TRUE
10-03-2023,104,3,64.14,369.460724,TRUE
10-03-2023,101,3,27.36,369.460724,TRUE
10-03-2023,102,3,33.32,369.460724,TRUE
10-03-2023,103,3,70.06,369.460724,TRUE
10-03-2023,103,2,40.82,369.460724,TRUE
10-03-2023,104,2,38.8,369.460724,TRUE
11-03-2023,102,2,37.3,369.460724,TRUE
11-03-2023,101,1,65.1,369.460724,TRUE
11-03-2023,102,1,55.1,369.460724,TRUE
11-03-2023,103,1,74.3,369.460724,TRUE
11-03-2023,104,1,95,369.460724,TRUE
11-03-2023,101,2,53.98,369.460724,TRUE
11-03-2023,104,2,71.92,369.460724,TRUE
11-03-2023,101,3,52.2,369.460724,TRUE
11-03-2023,102,3,68.78,369.460724,TRUE
11-03-2023,103,3,40,369.460724,TRUE
11-03-2023,104,3,35.9,369.460724,TRUE
11-03-2023,103,2,81.32,369.460724,TRUE
12-03-2023,101,2,27.23,369.460724,TRUE
12-03-2023,102,2,74.27,369.460724,TRUE
12-03-2023,102,1,48.19,369.460724,TRUE
12-03-2023,103,1,60.45,369.460724,TRUE
12-03-2023,104,1,81.45,369.460724,TRUE
12-03-2023,101,1,72.31,369.460724,TRUE
12-03-2023,104,2,57.84,369.460724,TRUE
12-03-2023,101,3,56.46,369.460724,TRUE
12-03-2023,102,3,73.96,369.460724,TRUE
12-03-2023,103,3,40.92,369.460724,TRUE
12-03-2023,104,3,74.88,369.460724,TRUE
12-03-2023,103,2,52.41,369.460724,TRUE
13-03-2023,101,2,43.6,369.460724,TRUE
13-03-2023,101,1,42.89,369.460724,TRUE
13-03-2023,102,1,81.35,369.460724,TRUE
13-03-2023,103,1,59.7,369.460724,TRUE
13-03-2023,104,1,79.14,369.460724,TRUE
13-03-2023,102,2,64.54,369.460724,TRUE
13-03-2023,103,2,56.59,369.460724,TRUE
13-03-2023,101,3,72.06,369.460724,TRUE
13-03-2023,102,3,75.93,369.460724,TRUE
13-03-2023,103,3,73.18,369.460724,TRUE
13-03-2023,104,3,86.09,369.460724,TRUE
13-03-2023,104,2,50.69,369.460724,TRUE
14-03-2023,101,1,46.86,369.460724,TRUE
14-03-2023,102,1,51.16,369.460724,TRUE
14-03-2023,103,1,71.6,369.460724,TRUE
14-03-2023,104,1,78.37,369.460724,TRUE
14-03-2023,101,2,33.39,369.460724,TRUE
14-03-2023,102,2,84.15,369.460724,TRUE
14-03-2023,103,2,90.84,369.460724,TRUE
14-03-2023,104,2,60.89,369.460724,TRUE
14-03-2023,101,3,85.1,369.460724,TRUE
14-03-2023,102,3,78.92,369.460724,TRUE
14-03-2023,103,3,52.12,369.460724,TRUE
14-03-2023,104,3,84.49,369.460724,TRUE
15-03-2023,101,2,91.83,369.460724,TRUE
15-03-2023,101,1,59.71,369.460724,TRUE
15-03-2023,102,1,55.66,369.460724,TRUE
15-03-2023,103,1,82.68,369.460724,TRUE
15-03-2023,104,1,32.95,369.460724,TRUE
15-03-2023,102,2,60.55,369.460724,TRUE
15-03-2023,103,2,70.17,369.460724,TRUE
15-03-2023,101,3,56.66,369.460724,TRUE
15-03-2023,102,3,79.13,369.460724,TRUE
15-03-2023,103,3,82.44,369.460724,TRUE
15-03-2023,104,3,75.3,369.460724,TRUE
15-03-2023,104,2,47.51,369.460724,TRUE
16-03-2023,104,1,48,369.460724,TRUE
16-03-2023,101,1,72.1,369.460724,TRUE
16-03-2023,102,1,83.29,369.460724,TRUE
16-03-2023,103,1,46.04,369.460724,TRUE
16-03-2023,101,2,45.03,369.460724,TRUE
16-03-2023,102,2,46.56,369.460724,TRUE
16-03-2023,103,2,71.63,369.460724,TRUE
16-03-2023,104,2,80.5,369.460724,TRUE
16-03-2023,102,3,57.55,369.460724,TRUE
16-03-2023,103,3,62.65,369.460724,TRUE
16-03-2023,104,3,38,369.460724,TRUE
16-03-2023,101,3,80.01,369.460724,TRUE
17-03-2023,101,1,79.22,369.460724,TRUE
17-03-2023,102,1,98.51,369.460724,TRUE
17-03-2023,103,1,57.25,369.460724,TRUE
17-03-2023,104,1,15.33,369.460724,TRUE
17-03-2023,101,2,24.93,369.460724,TRUE
17-03-2023,102,2,58.78,369.460724,TRUE
17-03-2023,103,2,48.13,369.460724,TRUE
17-03-2023,104,2,84.82,369.460724,TRUE
17-03-2023,101,3,48.04,369.460724,TRUE
17-03-2023,102,3,47.28,369.460724,TRUE
17-03-2023,103,3,34.68,369.460724,TRUE
17-03-2023,104,3,50.86,369.460724,TRUE
18-03-2023,101,2,47.14,369.460724,TRUE
18-03-2023,101,1,29.19,369.460724,TRUE
18-03-2023,102,1,58.13,369.460724,TRUE
18-03-2023,103,1,72.55,369.460724,TRUE
18-03-2023,104,1,72.79,369.460724,TRUE
18-03-2023,102,2,71.24,369.460724,TRUE
18-03-2023,103,2,69.27,369.460724,TRUE
18-03-2023,101,3,57.84,369.460724,TRUE
18-03-2023,102,3,55.82,369.460724,TRUE
18-03-2023,103,3,15.54,369.460724,TRUE
18-03-2023,104,3,44.66,369.460724,TRUE
18-03-2023,104,2,64.06,369.460724,TRUE
19-03-2023,101,2,64.03,369.460724,TRUE
19-03-2023,103,2,76.56,369.460724,TRUE
19-03-2023,101,1,106.83,369.460724,TRUE
19-03-2023,102,1,81.05,369.460724,TRUE
19-03-2023,103,1,83.1,369.460724,TRUE
19-03-2023,102,2,99.28,369.460724,TRUE
19-03-2023,102,3,59.63,369.460724,TRUE
19-03-2023,101,3,58.31,369.460724,TRUE
19-03-2023,103,3,47.21,369.460724,TRUE
19-03-2023,104,3,47.01,369.460724,TRUE
19-03-2023,104,2,57.92,369.460724,TRUE
19-03-2023,104,1,44.48,369.460724,TRUE
20-03-2023,102,2,102.82,369.460724,TRUE
20-03-2023,102,1,39.79,369.460724,TRUE
20-03-2023,103,1,72.05,369.460724,TRUE
20-03-2023,104,1,61.33,369.460724,TRUE
20-03-2023,101,2,93.81,369.460724,TRUE
20-03-2023,101,1,107.33,369.460724,TRUE
20-03-2023,103,2,74.45,369.460724,TRUE
20-03-2023,104,2,53.44,369.460724,TRUE
20-03-2023,101,3,69.19,369.460724,TRUE
20-03-2023,102,3,67.71,369.460724,TRUE
20-03-2023,104,3,77.98,369.460724,TRUE
20-03-2023,103,3,103.1,369.460724,TRUE
21-03-2023,102,2,85.65,369.460724,TRUE
21-03-2023,101,1,64.7,369.460724,TRUE
21-03-2023,102,1,42.8,369.460724,TRUE
21-03-2023,103,1,104.19,369.460724,TRUE
21-03-2023,101,2,76.62,369.460724,TRUE
21-03-2023,104,1,76.06,369.460724,TRUE
21-03-2023,101,3,27.63,369.460724,TRUE
21-03-2023,104,2,57.32,369.460724,TRUE
21-03-2023,102,3,67.18,369.460724,TRUE
21-03-2023,103,3,62,369.460724,TRUE
21-03-2023,104,3,96.47,369.460724,TRUE
21-03-2023,103,2,79.76,369.460724,TRUE
22-03-2023,104,1,39.06,369.460724,TRUE
22-03-2023,103,1,94.21,369.460724,TRUE
22-03-2023,101,2,87.83,369.460724,TRUE
22-03-2023,102,2,84.21,369.460724,TRUE
22-03-2023,102,1,68.23,369.460724,TRUE
22-03-2023,101,1,79.1,369.460724,TRUE
22-03-2023,101,3,57.43,369.460724,TRUE
22-03-2023,103,3,69.06,369.460724,TRUE
22-03-2023,104,3,110.15,369.460724,TRUE
22-03-2023,104,2,82.91,369.460724,TRUE
22-03-2023,102,3,46.45,369.460724,TRUE
22-03-2023,103,2,74.68,369.460724,TRUE
23-03-2023,101,1,48.3,369.460724,TRUE
23-03-2023,102,1,78.54,369.460724,TRUE
23-03-2023,103,1,40.01,369.460724,TRUE
23-03-2023,104,1,75.59,369.460724,TRUE
23-03-2023,101,2,36.08,369.460724,TRUE
23-03-2023,102,2,72.41,369.460724,TRUE
23-03-2023,103,2,40.85,369.460724,TRUE
23-03-2023,104,2,34.1,369.460724,TRUE
23-03-2023,101,3,12.24,369.460724,TRUE
23-03-2023,102,3,67.93,369.460724,TRUE
23-03-2023,103,3,63.19,369.460724,TRUE
23-03-2023,104,3,73.6,369.460724,TRUE
24-03-2023,101,2,69.96,369.460724,TRUE
24-03-2023,101,1,44.45,369.460724,TRUE
24-03-2023,102,1,71.2,369.460724,TRUE
24-03-2023,103,1,37.5,369.460724,TRUE
24-03-2023,104,1,52.82,369.460724,TRUE
24-03-2023,102,2,77.12,369.460724,TRUE
24-03-2023,103,2,87.59,369.460724,TRUE
24-03-2023,101,3,82.54,369.460724,TRUE
24-03-2023,102,3,71.34,369.460724,TRUE
24-03-2023,103,3,29.04,369.460724,TRUE
24-03-2023,104,3,54.92,369.460724,TRUE
24-03-2023,104,2,61.53,369.460724,TRUE
25-03-2023,103,1,57.07,369.460724,TRUE
25-03-2023,102,2,36.97,369.460724,TRUE
25-03-2023,101,1,39.61,369.460724,TRUE
25-03-2023,102,1,91.36,369.460724,TRUE
25-03-2023,104,1,81.47,369.460724,TRUE
25-03-2023,101,2,88.68,369.460724,TRUE
25-03-2023,104,2,73.44,369.460724,TRUE
25-03-2023,102,3,71.02,369.460724,TRUE
25-03-2023,103,3,97.02,369.460724,TRUE
25-03-2023,104,3,52.53,369.460724,TRUE
25-03-2023,101,3,87.61,369.460724,TRUE
25-03-2023,103,2,92.67,369.460724,TRUE
26-03-2023,102,2,61.31,369.460724,TRUE
26-03-2023,101,1,87.85,369.460724,TRUE
26-03-2023,103,1,62.82,369.460724,TRUE
26-03-2023,104,1,76.34,369.460724,TRUE
26-03-2023,101,2,35.83,369.460724,TRUE
26-03-2023,102,1,39.43,369.460724,TRUE
26-03-2023,103,2,55.15,369.460724,TRUE
26-03-2023,104,2,81.78,369.460724,TRUE
26-03-2023,101,3,43.18,369.460724,TRUE
26-03-2023,103,3,83.18,369.460724,TRUE
26-03-2023,104,3,74.94,369.460724,TRUE
26-03-2023,102,3,49.86,369.460724,TRUE
27-03-2023,102,2,61.36,369.460724,TRUE
27-03-2023,101,1,75,369.460724,TRUE
27-03-2023,102,1,58.49,369.460724,TRUE
27-03-2023,103,1,74.92,369.460724,TRUE
27-03-2023,101,2,86.92,369.460724,TRUE
27-03-2023,104,1,76.82,369.460724,TRUE
27-03-2023,101,3,71.59,369.460724,TRUE
27-03-2023,104,2,79.66,369.460724,TRUE
27-03-2023,102,3,42.02,369.460724,TRUE
27-03-2023,103,3,58.13,369.460724,TRUE
27-03-2023,104,3,59.56,369.460724,TRUE
27-03-2023,103,2,63.2,369.460724,TRUE
28-03-2023,104,1,49.39,369.460724,TRUE
28-03-2023,103,1,69.06,369.460724,TRUE
28-03-2023,101,2,48.34,369.460724,TRUE
28-03-2023,102,2,53.53,369.460724,TRUE
28-03-2023,102,1,36.45,369.460724,TRUE
28-03-2023,101,1,67.16,369.460724,TRUE
28-03-2023,101,3,87.86,369.460724,TRUE
28-03-2023,103,3,66.47,369.460724,TRUE
28-03-2023,104,3,31.18,369.460724,TRUE
28-03-2023,104,2,65.83,369.460724,TRUE
28-03-2023,102,3,63.82,369.460724,TRUE
28-03-2023,103,2,90.56,369.460724,TRUE
29-03-2023,102,2,30.92,369.460724,TRUE
29-03-2023,101,1,60.94,369.460724,TRUE
29-03-2023,102,1,81.17,369.460724,TRUE
29-03-2023,103,1,74.73,369.460724,TRUE
29-03-2023,104,1,72.78,369.460724,TRUE
29-03-2023,101,2,59.22,369.460724,TRUE
29-03-2023,104,2,41.1,369.460724,TRUE
29-03-2023,101,3,95.16,369.460724,TRUE
29-03-2023,102,3,46.23,369.460724,TRUE
29-03-2023,103,3,48.4,369.460724,TRUE
29-03-2023,104,3,52.85,369.460724,TRUE
29-03-2023,103,2,41.42,369.460724,TRUE
30-03-2023,101,2,33,369.460724,TRUE
30-03-2023,102,2,67.87,369.460724,TRUE
30-03-2023,102,1,37.21,369.460724,TRUE
30-03-2023,103,1,19.9,369.460724,TRUE
30-03-2023,104,1,30.89,369.460724,TRUE
30-03-2023,101,1,55.4,369.460724,TRUE
30-03-2023,104,2,35.65,369.460724,TRUE
30-03-2023,101,3,73.65,369.460724,TRUE
30-03-2023,102,3,45.49,369.460724,TRUE
30-03-2023,103,3,95.65,369.460724,TRUE
30-03-2023,104,3,25.05,369.460724,TRUE
30-03-2023,103,2,74.9,369.460724,TRUE
31-03-2023,101,2,76.1,369.460724,TRUE
31-03-2023,102,2,88.09,369.460724,TRUE
31-03-2023,102,1,94.09,369.460724,TRUE
31-03-2023,103,1,62.7,369.460724,TRUE
31-03-2023,104,1,36.69,369.460724,TRUE
31-03-2023,101,1,42.12,369.460724,TRUE
31-03-2023,104,2,24.09,369.460724,TRUE
31-03-2023,101,3,61.03,369.460724,TRUE
31-03-2023,102,3,78.58,369.460724,TRUE
31-03-2023,103,3,69.84,369.460724,TRUE
31-03-2023,104,3,95.76,369.460724,TRUE
31-03-2023,103,2,61.56,369.460724,TRUE
01-04-2023,102,2,90.48,369.460724,TRUE
01-04-2023,101,1,58.91,369.460724,TRUE
01-04-2023,102,1,42.36,369.460724,TRUE
01-04-2023,103,1,104.95,369.460724,TRUE
01-04-2023,104,1,33.73,369.460724,TRUE
01-04-2023,101,2,53.47,369.460724,TRUE
01-04-2023,104,2,56.36,369.460724,TRUE
01-04-2023,101,3,61.9,369.460724,TRUE
01-04-2023,102,3,44.89,369.460724,TRUE
01-04-2023,103,3,51.18,369.460724,TRUE
01-04-2023,104,3,32.8,369.460724,TRUE
01-04-2023,103,2,48.69,369.460724,TRUE
02-04-2023,101,2,67.18,369.460724,TRUE
02-04-2023,101,1,52.43,369.460724,TRUE
02-04-2023,102,1,86.4,369.460724,TRUE
02-04-2023,102,2,33.68,369.460724,TRUE
02-04-2023,104,1,75.11,369.460724,TRUE
02-04-2023,103,1,36.01,369.460724,TRUE
02-04-2023,103,3,73.62,369.460724,TRUE
02-04-2023,101,3,98.69,369.460724,TRUE
02-04-2023,102,3,65.13,369.460724,TRUE
02-04-2023,103,2,49.94,369.460724,TRUE
02-04-2023,104,3,78.38,369.460724,TRUE
02-04-2023,104,2,62.33,369.460724,TRUE
03-04-2023,101,1,79.57,369.460724,TRUE
03-04-2023,102,1,104.19,369.460724,TRUE
03-04-2023,103,1,111.87,369.460724,TRUE
03-04-2023,104,1,77.64,369.460724,TRUE
03-04-2023,101,2,67.12,369.460724,TRUE
03-04-2023,102,2,77.61,369.460724,TRUE
03-04-2023,103,2,76.12,369.460724,TRUE
03-04-2023,104,2,45.14,369.460724,TRUE
03-04-2023,101,3,106.85,369.460724,TRUE
03-04-2023,102,3,51.41,369.460724,TRUE
03-04-2023,103,3,89.86,369.460724,TRUE
03-04-2023,104,3,79,369.460724,TRUE
04-04-2023,101,1,55.25,369.460724,TRUE
04-04-2023,102,1,97.18,369.460724,TRUE
04-04-2023,103,1,99.76,369.460724,TRUE
04-04-2023,104,1,99.7,369.460724,TRUE
04-04-2023,101,2,54.46,369.460724,TRUE
04-04-2023,102,2,67,369.460724,TRUE
04-04-2023,103,2,51.59,369.460724,TRUE
04-04-2023,104,2,70.51,369.460724,TRUE
04-04-2023,101,3,74.04,369.460724,TRUE
04-04-2023,102,3,69.01,369.460724,TRUE
04-04-2023,103,3,64.96,369.460724,TRUE
04-04-2023,104,3,55.04,369.460724,TRUE
05-04-2023,101,1,61.56,369.460724,TRUE
05-04-2023,102,1,60.79,369.460724,TRUE
05-04-2023,103,1,65.07,369.460724,TRUE
05-04-2023,104,1,77.44,369.460724,TRUE
05-04-2023,101,2,65.05,369.460724,TRUE
05-04-2023,102,2,87.09,369.460724,TRUE
05-04-2023,103,2,90.08,369.460724,TRUE
05-04-2023,104,2,79.89,369.460724,TRUE
05-04-2023,101,3,65.79,369.460724,TRUE
05-04-2023,102,3,79.65,369.460724,TRUE
05-04-2023,103,3,77.44,369.460724,TRUE
05-04-2023,104,3,45.75,369.460724,TRUE
06-04-2023,101,2,83.61,369.460724,TRUE
06-04-2023,101,1,49.82,369.460724,TRUE
06-04-2023,102,1,76.8,369.460724,TRUE
06-04-2023,103,1,60.42,369.460724,TRUE
06-04-2023,104,1,51.98,369.460724,TRUE
06-04-2023,102,2,18.85,369.460724,TRUE
06-04-2023,103,2,48.36,369.460724,TRUE
06-04-2023,101,3,62.74,369.460724,TRUE
06-04-2023,102,3,73,369.460724,TRUE
06-04-2023,103,3,24.74,369.460724,TRUE
06-04-2023,104,3,37.44,369.460724,TRUE
06-04-2023,104,2,20.17,369.460724,TRUE
07-04-2023,101,1,36.43,369.460724,TRUE
07-04-2023,104,1,45.37,369.460724,TRUE
07-04-2023,102,2,47.03,369.460724,TRUE
07-04-2023,102,1,59.03,369.460724,TRUE
07-04-2023,101,2,39.6,369.460724,TRUE
07-04-2023,103,1,23.96,369.460724,TRUE
07-04-2023,103,2,51.33,369.460724,TRUE
07-04-2023,104,2,14.07,369.460724,TRUE
07-04-2023,103,3,55.38,369.460724,TRUE
07-04-2023,104,3,35.5,369.460724,TRUE
07-04-2023,101,3,32.63,369.460724,TRUE
07-04-2023,102,3,35.71,369.460724,TRUE
08-04-2023,101,1,51.31,369.460724,TRUE
08-04-2023,102,1,53.93,369.460724,TRUE
08-04-2023,103,1,79.32,369.460724,TRUE
08-04-2023,104,1,99.91,369.460724,TRUE
08-04-2023,101,2,91.93,369.460724,TRUE
08-04-2023,102,2,81.63,369.460724,TRUE
08-04-2023,103,2,88.89,369.460724,TRUE
08-04-2023,104,2,64.53,369.460724,TRUE
08-04-2023,101,3,72.22,369.460724,TRUE
08-04-2023,102,3,103.06,369.460724,TRUE
08-04-2023,103,3,77.46,369.460724,TRUE
08-04-2023,104,3,83.98,369.460724,TRUE
09-04-2023,102,1,104.6,369.460724,TRUE
09-04-2023,101,2,27.32,369.460724,TRUE
09-04-2023,101,1,67.5,369.460724,TRUE
09-04-2023,103,1,68.49,369.460724,TRUE
09-04-2023,104,1,116.25,369.460724,TRUE
09-04-2023,102,2,54.41,369.460724,TRUE
09-04-2023,103,2,113.98,369.460724,TRUE
09-04-2023,101,3,73.67,369.460724,TRUE
09-04-2023,102,3,119.27,369.460724,TRUE
09-04-2023,104,3,73.41,369.460724,TRUE
09-04-2023,104,2,49.81,369.460724,TRUE
09-04-2023,103,3,70.24,369.460724,TRUE
10-04-2023,101,2,43.36,369.460724,TRUE
10-04-2023,102,2,48.16,369.460724,TRUE
10-04-2023,101,1,43.66,369.460724,TRUE
10-04-2023,102,1,92.26,369.460724,TRUE
10-04-2023,103,1,40.8,369.460724,TRUE
10-04-2023,104,1,57.92,369.460724,TRUE
10-04-2023,104,2,70.51,369.460724,TRUE
10-04-2023,102,3,61.62,369.460724,TRUE
10-04-2023,103,3,90.24,369.460724,TRUE
10-04-2023,103,2,43.38,369.460724,TRUE
10-04-2023,104,3,54.09,369.460724,TRUE
10-04-2023,101,3,87.32,369.460724,TRUE
11-04-2023,101,1,96.33,369.460724,TRUE
11-04-2023,102,1,86.53,369.460724,TRUE
11-04-2023,103,1,64.4,369.460724,TRUE
11-04-2023,104,1,93.31,369.460724,TRUE
11-04-2023,101,2,35.53,369.460724,TRUE
11-04-2023,102,2,96.35,369.460724,TRUE
11-04-2023,103,2,53.64,369.460724,TRUE
11-04-2023,104,2,72.31,369.460724,TRUE
11-04-2023,101,3,58.22,369.460724,TRUE
11-04-2023,102,3,47.19,369.460724,TRUE
11-04-2023,103,3,67.4,369.460724,TRUE
11-04-2023,104,3,55.29,369.460724,TRUE
12-04-2023,101,2,69.77,369.460724,TRUE
12-04-2023,101,1,35.17,369.460724,TRUE
12-04-2023,102,1,74.81,369.460724,TRUE
12-04-2023,103,1,82.48,369.460724,TRUE
12-04-2023,104,1,66.86,369.460724,TRUE
12-04-2023,102,2,67.04,369.460724,TRUE
12-04-2023,103,2,48.78,369.460724,TRUE
12-04-2023,101,3,75.1,369.460724,TRUE
12-04-2023,102,3,33.82,369.460724,TRUE
12-04-2023,103,3,43.38,369.460724,TRUE
12-04-2023,104,3,43.28,369.460724,TRUE
12-04-2023,104,2,47.15,369.460724,TRUE
13-04-2023,101,1,31.35,369.460724,TRUE
13-04-2023,104,1,68.36,369.460724,TRUE
13-04-2023,102,2,72.91,369.460724,TRUE
13-04-2023,102,1,53.11,369.460724,TRUE
13-04-2023,101,2,32.17,369.460724,TRUE
13-04-2023,103,1,52.25,369.460724,TRUE
13-04-2023,103,2,41.11,369.460724,TRUE
13-04-2023,104,2,90.57,369.460724,TRUE
13-04-2023,103,3,38.63,369.460724,TRUE
13-04-2023,104,3,27.44,369.460724,TRUE
13-04-2023,101,3,41.42,369.460724,TRUE
13-04-2023,102,3,67.71,369.460724,TRUE
14-04-2023,102,2,82.56,369.460724,TRUE
14-04-2023,101,1,88.88,369.460724,TRUE
14-04-2023,102,1,79.36,369.460724,TRUE
14-04-2023,103,1,63.7,369.460724,TRUE
14-04-2023,101,2,87.82,369.460724,TRUE
14-04-2023,104,1,63.33,369.460724,TRUE
14-04-2023,103,2,99.2,369.460724,TRUE
14-04-2023,101,3,63.29,369.460724,TRUE
14-04-2023,102,3,101.98,369.460724,TRUE
14-04-2023,103,3,44.1,369.460724,TRUE
14-04-2023,104,3,93.62,369.460724,TRUE
14-04-2023,104,2,69.93,369.460724,TRUE
15-04-2023,101,2,100.36,369.460724,TRUE
15-04-2023,101,1,66.83,369.460724,TRUE
15-04-2023,102,2,103.28,369.460724,TRUE
15-04-2023,103,1,74.78,369.460724,TRUE
15-04-2023,104,1,51.5,369.460724,TRUE
15-04-2023,102,1,92.33,369.460724,TRUE
15-04-2023,103,3,71,369.460724,TRUE
15-04-2023,101,3,105.1,369.460724,TRUE
15-04-2023,102,3,46.06,369.460724,TRUE
15-04-2023,104,3,35.8,369.460724,TRUE
15-04-2023,104,2,70.96,369.460724,TRUE
15-04-2023,103,2,95.57,369.460724,TRUE
16-04-2023,103,1,81.01,369.460724,TRUE
16-04-2023,104,1,59.64,369.460724,TRUE
16-04-2023,102,2,75.65,369.460724,TRUE
16-04-2023,102,1,63.27,369.460724,TRUE
16-04-2023,101,2,75.42,369.460724,TRUE
16-04-2023,101,1,32.59,369.460724,TRUE
16-04-2023,103,2,49.57,369.460724,TRUE
16-04-2023,104,3,53.31,369.460724,TRUE
16-04-2023,103,3,69.66,369.460724,TRUE
16-04-2023,104,2,79.58,369.460724,TRUE
16-04-2023,101,3,78.28,369.460724,TRUE
16-04-2023,102,3,45.79,369.460724,TRUE
17-04-2023,101,1,52.72,369.460724,TRUE
17-04-2023,102,1,71.75,369.460724,TRUE
17-04-2023,103,1,63.44,369.460724,TRUE
17-04-2023,104,1,90.88,369.460724,TRUE
17-04-2023,101,2,79.03,369.460724,TRUE
17-04-2023,102,2,98.98,369.460724,TRUE
17-04-2023,103,2,74.41,369.460724,TRUE
17-04-2023,104,2,87.12,369.460724,TRUE
17-04-2023,101,3,53.23,369.460724,TRUE
17-04-2023,102,3,83.54,369.460724,TRUE
17-04-2023,103,3,106.53,369.460724,TRUE
17-04-2023,104,3,91.09,369.460724,TRUE
18-04-2023,102,1,49.4,369.460724,TRUE
18-04-2023,101,2,72.97,369.460724,TRUE
18-04-2023,101,1,93.22,369.460724,TRUE
18-04-2023,103,1,84.51,369.460724,TRUE
18-04-2023,104,1,106.85,369.460724,TRUE
18-04-2023,102,2,66.32,369.460724,TRUE
18-04-2023,103,2,68.24,369.460724,TRUE
18-04-2023,101,3,70.62,369.460724,TRUE
18-04-2023,102,3,52.89,369.460724,TRUE
18-04-2023,104,3,105.89,369.460724,TRUE
18-04-2023,104,2,70.47,369.460724,TRUE
18-04-2023,103,3,26.39,369.460724,TRUE
19-04-2023,102,1,53.33,369.460724,TRUE
19-04-2023,102,2,66.34,369.460724,TRUE
19-04-2023,103,1,19.78,369.460724,TRUE
19-04-2023,101,2,79.69,369.460724,TRUE
19-04-2023,101,1,83.62,369.460724,TRUE
19-04-2023,104,1,56.52,369.460724,TRUE
19-04-2023,104,2,54.86,369.460724,TRUE
19-04-2023,102,3,38.68,369.460724,TRUE
19-04-2023,104,3,38.94,369.460724,TRUE
19-04-2023,101,3,72.88,369.460724,TRUE
19-04-2023,103,3,91.87,369.460724,TRUE
19-04-2023,103,2,79.8,369.460724,TRUE
20-04-2023,102,2,50.82,369.460724,TRUE
20-04-2023,101,1,72.86,369.460724,TRUE
20-04-2023,102,1,74.7,369.460724,TRUE
20-04-2023,103,1,54.58,369.460724,TRUE
20-04-2023,101,2,47.43,369.460724,TRUE
20-04-2023,104,1,74.65,369.460724,TRUE
20-04-2023,103,2,74.13,369.460724,TRUE
20-04-2023,101,3,36.87,369.460724,TRUE
20-04-2023,102,3,57.39,369.460724,TRUE
20-04-2023,103,3,99.08,369.460724,TRUE
20-04-2023,104,3,47.06,369.460724,TRUE
20-04-2023,104,2,39.63,369.460724,TRUE
21-04-2023,101,2,66.8,369.460724,TRUE
21-04-2023,102,2,16.18,369.460724,TRUE
21-04-2023,101,1,63.09,369.460724,TRUE
21-04-2023,103,1,24.16,369.460724,TRUE
21-04-2023,104,1,68.11,369.460724,TRUE
21-04-2023,102,1,57.78,369.460724,TRUE
21-04-2023,103,3,58.03,369.460724,TRUE
21-04-2023,101,3,72.31,369.460724,TRUE
21-04-2023,102,3,88.15,369.460724,TRUE
21-04-2023,104,3,37.18,369.460724,TRUE
21-04-2023,103,2,31.46,369.460724,TRUE
21-04-2023,104,2,29.85,369.460724,TRUE
22-04-2023,102,2,78.22,369.460724,TRUE
22-04-2023,101,2,71.35,369.460724,TRUE
22-04-2023,101,1,45.94,369.460724,TRUE
22-04-2023,102,1,44.17,369.460724,TRUE
22-04-2023,103,1,102.14,369.460724,TRUE
22-04-2023,104,1,62.2,369.460724,TRUE
22-04-2023,104,2,58.46,369.460724,TRUE
22-04-2023,102,3,20.76,369.460724,TRUE
22-04-2023,103,3,78.78,369.460724,TRUE
22-04-2023,104,3,35.38,369.460724,TRUE
22-04-2023,103,2,82.39,369.460724,TRUE
22-04-2023,101,3,82.16,369.460724,TRUE
23-04-2023,101,1,90.04,369.460724,TRUE
23-04-2023,102,1,89.06,369.460724,TRUE
23-04-2023,103,1,66.47,369.460724,TRUE
23-04-2023,104,1,102.69,369.460724,TRUE
23-04-2023,101,2,57.07,369.460724,TRUE
23-04-2023,102,2,56.14,369.460724,TRUE
23-04-2023,103,2,68.98,369.460724,TRUE
23-04-2023,104,2,106.02,369.460724,TRUE
23-04-2023,101,3,83.1,369.460724,TRUE
23-04-2023,102,3,43.13,369.460724,TRUE
23-04-2023,103,3,94.73,369.460724,TRUE
23-04-2023,104,3,80.99,369.460724,TRUE
24-04-2023,101,2,95.43,369.460724,TRUE
24-04-2023,101,1,78.98,369.460724,TRUE
24-04-2023,102,1,98.56,369.460724,TRUE
24-04-2023,103,1,62.25,369.460724,TRUE
24-04-2023,104,1,72.51,369.460724,TRUE
24-04-2023,102,2,68.81,369.460724,TRUE
24-04-2023,103,2,75.84,369.460724,TRUE
24-04-2023,101,3,83.8,369.460724,TRUE
24-04-2023,102,3,94.04,369.460724,TRUE
24-04-2023,103,3,86.21,369.460724,TRUE
24-04-2023,104,3,82.59,369.460724,TRUE
24-04-2023,104,2,62.83,369.460724,TRUE
25-04-2023,104,1,87.53,369.460724,TRUE
25-04-2023,101,1,80.95,369.460724,TRUE
25-04-2023,102,1,60.41,369.460724,TRUE
25-04-2023,103,1,69.41,369.460724,TRUE
25-04-2023,101,2,88.59,369.460724,TRUE
25-04-2023,102,2,49.69,369.460724,TRUE
25-04-2023,103,2,85.26,369.460724,TRUE
25-04-2023,104,2,46.55,369.460724,TRUE
25-04-2023,102,3,72.19,369.460724,TRUE
25-04-2023,103,3,59.08,369.460724,TRUE
25-04-2023,104,3,53.92,369.460724,TRUE
25-04-2023,101,3,105.03,369.460724,TRUE
26-04-2023,101,1,98.88,369.460724,TRUE
26-04-2023,102,1,59.72,369.460724,TRUE
26-04-2023,103,1,72.37,369.460724,TRUE
26-04-2023,104,1,55.41,369.460724,TRUE
26-04-2023,101,2,42.67,369.460724,TRUE
26-04-2023,102,2,108.91,369.460724,TRUE
26-04-2023,103,2,22.33,369.460724,TRUE
26-04-2023,104,2,74.19,369.460724,TRUE
26-04-2023,101,3,60.36,369.460724,TRUE
26-04-2023,102,3,38.94,369.460724,TRUE
26-04-2023,103,3,39.12,369.460724,TRUE
26-04-2023,104,3,64.43,369.460724,TRUE
27-04-2023,101,1,37.55,369.460724,TRUE
27-04-2023,102,1,58.04,369.460724,TRUE
27-04-2023,103,1,44.5,369.460724,TRUE
27-04-2023,104,1,20.86,369.460724,TRUE
27-04-2023,101,2,68.9,369.460724,TRUE
27-04-2023,102,2,46.15,369.460724,TRUE
27-04-2023,103,2,12.39,369.460724,TRUE
27-04-2023,104,2,17.38,369.460724,TRUE
27-04-2023,101,3,47.7,369.460724,TRUE
27-04-2023,102,3,55.19,369.460724,TRUE
27-04-2023,103,3,40.17,369.460724,TRUE
27-04-2023,104,3,45.81,369.460724,TRUE
28-04-2023,101,1,59.55,369.460724,TRUE
28-04-2023,102,1,56.07,369.460724,TRUE
28-04-2023,103,1,78.77,369.460724,TRUE
28-04-2023,104,1,92.47,369.460724,TRUE
28-04-2023,101,2,50.37,369.460724,TRUE
28-04-2023,102,2,75.25,369.460724,TRUE
28-04-2023,103,2,68.62,369.460724,TRUE
28-04-2023,104,2,61.62,369.460724,TRUE
28-04-2023,101,3,38.18,369.460724,TRUE
28-04-2023,102,3,68.38,369.460724,TRUE
28-04-2023,103,3,40.39,369.460724,TRUE
28-04-2023,104,3,50.44,369.460724,TRUE
29-04-2023,101,2,18.74,369.460724,TRUE
29-04-2023,101,1,25.83,369.460724,TRUE
29-04-2023,102,1,54.61,369.460724,TRUE
29-04-2023,103,1,80.65,369.460724,TRUE
29-04-2023,104,1,90.93,369.460724,TRUE
29-04-2023,102,2,52.49,369.460724,TRUE
29-04-2023,103,2,57.12,369.460724,TRUE
29-04-2023,101,3,37.29,369.460724,TRUE
29-04-2023,102,3,87.61,369.460724,TRUE
29-04-2023,103,3,77.8,369.460724,TRUE
29-04-2023,104,3,27.38,369.460724,TRUE
29-04-2023,104,2,49.57,369.460724,TRUE
30-04-2023,104,1,43.48,369.460724,TRUE
30-04-2023,102,1,87.07,369.460724,TRUE
30-04-2023,101,1,50.24,369.460724,TRUE
30-04-2023,101,2,91.24,369.460724,TRUE
30-04-2023,104,3,47.29,369.460724,TRUE
30-04-2023,103,1,83.45,369.460724,TRUE
30-04-2023,104,2,93.74,369.460724,TRUE
30-04-2023,102,2,51.56,369.460724,TRUE
30-04-2023,103,2,113.31,369.460724,TRUE
30-04-2023,102,3,51.02,369.460724,TRUE
30-04-2023,103,3,100.29,369.460724,TRUE
30-04-2023,101,3,87.54,369.460724,TRUE
01-05-2023,102,2,88.36,369.460724,TRUE
01-05-2023,101,1,82.67,369.460724,TRUE
01-05-2023,102,1,64.24,369.460724,TRUE
01-05-2023,103,1,78.72,369.460724,TRUE
01-05-2023,101,2,117.37,369.460724,TRUE
01-05-2023,104,1,82.68,369.460724,TRUE
01-05-2023,103,2,75.54,369.460724,TRUE
01-05-2023,101,3,73.82,369.460724,TRUE
01-05-2023,102,3,87.75,369.460724,TRUE
01-05-2023,103,3,61.61,369.460724,TRUE
01-05-2023,104,3,74.3,369.460724,TRUE
01-05-2023,104,2,96.03,369.460724,TRUE
02-05-2023,101,2,81.61,369.460724,TRUE
02-05-2023,102,2,52.15,369.460724,TRUE
02-05-2023,101,1,66.6,369.460724,TRUE
02-05-2023,103,1,80.04,369.460724,TRUE
02-05-2023,104,1,101.96,369.460724,TRUE
02-05-2023,102,1,89.07,369.460724,TRUE
02-05-2023,104,3,90.3,369.460724,TRUE
02-05-2023,101,3,74.29,369.460724,TRUE
02-05-2023,102,3,54.87,369.460724,TRUE
02-05-2023,103,3,43.81,369.460724,TRUE
02-05-2023,104,2,50.58,369.460724,TRUE
02-05-2023,103,2,83.1,369.460724,TRUE
03-05-2023,101,2,41.87,369.460724,TRUE
03-05-2023,103,1,83.21,369.460724,TRUE
03-05-2023,104,1,93.1,369.460724,TRUE
03-05-2023,101,1,46.3,369.460724,TRUE
03-05-2023,102,1,50.92,369.460724,TRUE
03-05-2023,102,2,43.86,369.460724,TRUE
03-05-2023,103,2,89.64,369.460724,TRUE
03-05-2023,104,3,70.76,369.460724,TRUE
03-05-2023,104,2,74.84,369.460724,TRUE
03-05-2023,101,3,79.32,369.460724,TRUE
03-05-2023,102,3,55.47,369.460724,TRUE
03-05-2023,103,3,67.13,369.460724,TRUE
04-05-2023,102,1,37.29,369.460724,TRUE
04-05-2023,101,1,39.19,369.460724,TRUE
04-05-2023,101,2,75.4,369.460724,TRUE
04-05-2023,104,1,48.67,369.460724,TRUE
04-05-2023,104,3,53.66,369.460724,TRUE
04-05-2023,103,1,53.22,369.460724,TRUE
04-05-2023,103,2,80.7,369.460724,TRUE
04-05-2023,102,2,46.71,369.460724,TRUE
04-05-2023,103,3,49.67,369.460724,TRUE
04-05-2023,102,3,7.19,369.460724,TRUE
04-05-2023,101,3,47.54,369.460724,TRUE
04-05-2023,104,2,22.5,369.460724,TRUE
05-05-2023,101,1,85.27,369.460724,TRUE
05-05-2023,102,1,38.4,369.460724,TRUE
05-05-2023,103,1,44.94,369.460724,TRUE
05-05-2023,102,2,35.12,369.460724,TRUE
05-05-2023,103,2,83.06,369.460724,TRUE
05-05-2023,104,2,49.24,369.460724,TRUE
05-05-2023,101,3,35.1,369.460724,TRUE
05-05-2023,102,3,37.74,369.460724,TRUE
05-05-2023,103,3,67.08,369.460724,TRUE
05-05-2023,104,3,61.29,369.460724,TRUE
05-05-2023,104,1,24.37,369.460724,TRUE
05-05-2023,101,2,52.63,369.460724,TRUE
06-05-2023,103,1,82.4,369.460724,TRUE
06-05-2023,101,1,90.2,369.460724,TRUE
06-05-2023,104,1,63.53,369.460724,TRUE
06-05-2023,102,1,77.02,369.460724,TRUE
06-05-2023,101,2,44.92,369.460724,TRUE
06-05-2023,102,2,82.2,369.460724,TRUE
06-05-2023,103,2,95.83,369.460724,TRUE
06-05-2023,103,3,48.8,369.460724,TRUE
06-05-2023,104,2,82.63,369.460724,TRUE
06-05-2023,102,3,43.53,369.460724,TRUE
06-05-2023,104,3,72.42,369.460724,TRUE
06-05-2023,101,3,26.82,369.460724,TRUE
07-05-2023,101,1,76.82,369.460724,TRUE
07-05-2023,102,1,68.53,369.460724,TRUE
07-05-2023,103,1,76.73,369.460724,TRUE
07-05-2023,104,1,53.24,369.460724,TRUE
07-05-2023,101,2,99.75,369.460724,TRUE
07-05-2023,102,2,39.29,369.460724,TRUE
07-05-2023,103,2,112,369.460724,TRUE
07-05-2023,104,2,97.6,369.460724,TRUE
07-05-2023,101,3,57.24,369.460724,TRUE
07-05-2023,102,3,79.94,369.460724,TRUE
07-05-2023,103,3,70.01,369.460724,TRUE
07-05-2023,104,3,103.43,369.460724,TRUE
08-05-2023,101,2,48.31,369.460724,TRUE
08-05-2023,101,1,88.77,369.460724,TRUE
08-05-2023,102,1,57.04,369.460724,TRUE
08-05-2023,103,1,91.29,369.460724,TRUE
08-05-2023,104,1,84.64,369.460724,TRUE
08-05-2023,102,2,84.49,369.460724,TRUE
08-05-2023,103,2,35.27,369.460724,TRUE
08-05-2023,101,3,81.11,369.460724,TRUE
08-05-2023,102,3,79.52,369.460724,TRUE
08-05-2023,103,3,88.46,369.460724,TRUE
08-05-2023,104,3,84.71,369.460724,TRUE
08-05-2023,104,2,112.62,369.460724,TRUE
09-05-2023,101,2,85.67,369.460724,TRUE
09-05-2023,101,1,91.69,369.460724,TRUE
09-05-2023,102,1,40.86,369.460724,TRUE
09-05-2023,103,1,75.94,369.460724,TRUE
09-05-2023,104,1,98.17,369.460724,TRUE
09-05-2023,102,2,67.53,369.460724,TRUE
09-05-2023,103,2,84.94,369.460724,TRUE
09-05-2023,101,3,58.48,369.460724,TRUE
09-05-2023,102,3,27.07,369.460724,TRUE
09-05-2023,103,3,47.32,369.460724,TRUE
09-05-2023,104,3,71.17,369.460724,TRUE
09-05-2023,104,2,49.47,369.460724,TRUE
10-05-2023,102,2,96.58,369.460724,TRUE
10-05-2023,101,1,62.93,369.460724,TRUE
10-05-2023,102,1,91.6,369.460724,TRUE
10-05-2023,103,1,76.2,369.460724,TRUE
10-05-2023,104,1,72.77,369.460724,TRUE
10-05-2023,101,2,83.26,369.460724,TRUE
10-05-2023,104,2,60.2,369.460724,TRUE
10-05-2023,101,3,58.15,369.460724,TRUE
10-05-2023,102,3,96.76,369.460724,TRUE
10-05-2023,103,3,64.25,369.460724,TRUE
10-05-2023,104,3,63.05,369.460724,TRUE
10-05-2023,103,2,78.54,369.460724,TRUE
11-05-2023,101,2,50.8,369.460724,TRUE
11-05-2023,102,2,46.91,369.460724,TRUE
11-05-2023,102,1,72.28,369.460724,TRUE
11-05-2023,103,1,86.08,369.460724,TRUE
11-05-2023,104,1,48.1,369.460724,TRUE
11-05-2023,101,1,45.19,369.460724,TRUE
11-05-2023,104,2,61.46,369.460724,TRUE
11-05-2023,101,3,47.57,369.460724,TRUE
11-05-2023,102,3,16.37,369.460724,TRUE
11-05-2023,103,3,52.41,369.460724,TRUE
11-05-2023,104,3,53.72,369.460724,TRUE
11-05-2023,103,2,58.97,369.460724,TRUE
12-05-2023,101,2,24.48,369.460724,TRUE
12-05-2023,101,1,32.24,369.460724,TRUE
12-05-2023,102,1,77.01,369.460724,TRUE
12-05-2023,103,1,66.41,369.460724,TRUE
12-05-2023,102,2,54.06,369.460724,TRUE
12-05-2023,104,1,47.29,369.460724,TRUE
12-05-2023,101,3,71.45,369.460724,TRUE
12-05-2023,104,3,44.16,369.460724,TRUE
12-05-2023,102,3,66.81,369.460724,TRUE
12-05-2023,103,3,74.49,369.460724,TRUE
12-05-2023,104,2,40.34,369.460724,TRUE
12-05-2023,103,2,90.12,369.460724,TRUE
13-05-2023,102,2,54.59,369.460724,TRUE
13-05-2023,101,1,79.94,369.460724,TRUE
13-05-2023,102,1,37.65,369.460724,TRUE
13-05-2023,103,1,53.95,369.460724,TRUE
13-05-2023,104,1,60.75,369.460724,TRUE
13-05-2023,101,2,34.33,369.460724,TRUE
13-05-2023,104,2,89.36,369.460724,TRUE
13-05-2023,101,3,69.31,369.460724,TRUE
13-05-2023,102,3,70.04,369.460724,TRUE
13-05-2023,103,3,68.04,369.460724,TRUE
13-05-2023,104,3,72.26,369.460724,TRUE
13-05-2023,103,2,99.61,369.460724,TRUE
14-05-2023,101,2,67.36,369.460724,TRUE
14-05-2023,102,2,98.29,369.460724,TRUE
14-05-2023,102,1,70.64,369.460724,TRUE
14-05-2023,103,1,98.46,369.460724,TRUE
14-05-2023,104,1,84.2,369.460724,TRUE
14-05-2023,101,1,76.21,369.460724,TRUE
14-05-2023,104,2,96.5,369.460724,TRUE
14-05-2023,101,3,74.4,369.460724,TRUE
14-05-2023,102,3,56.35,369.460724,TRUE
14-05-2023,103,3,69.34,369.460724,TRUE
14-05-2023,104,3,69.73,369.460724,TRUE
14-05-2023,103,2,83.4,369.460724,TRUE
15-05-2023,102,2,83.75,369.460724,TRUE
15-05-2023,101,1,104.39,369.460724,TRUE
15-05-2023,102,1,35.21,369.460724,TRUE
15-05-2023,103,1,64.66,369.460724,TRUE
15-05-2023,104,1,83.48,369.460724,TRUE
15-05-2023,101,2,72.47,369.460724,TRUE
15-05-2023,104,2,100.89,369.460724,TRUE
15-05-2023,101,3,59.33,369.460724,TRUE
15-05-2023,102,3,59.94,369.460724,TRUE
15-05-2023,103,3,66.65,369.460724,TRUE
15-05-2023,104,3,64.23,369.460724,TRUE
15-05-2023,103,2,75.66,369.460724,TRUE
16-05-2023,102,2,36.65,369.460724,TRUE
16-05-2023,102,1,62.7,369.460724,TRUE
16-05-2023,103,1,84.94,369.460724,TRUE
16-05-2023,104,1,51.26,369.460724,TRUE
16-05-2023,101,2,67.83,369.460724,TRUE
16-05-2023,101,1,58.9,369.460724,TRUE
16-05-2023,103,2,73.48,369.460724,TRUE
16-05-2023,104,2,64.78,369.460724,TRUE
16-05-2023,101,3,94.95,369.460724,TRUE
16-05-2023,102,3,56.53,369.460724,TRUE
16-05-2023,104,3,89.36,369.460724,TRUE
16-05-2023,103,3,46.45,369.460724,TRUE
17-05-2023,102,2,54.87,369.460724,TRUE
17-05-2023,101,1,41.88,369.460724,TRUE
17-05-2023,102,1,38.9,369.460724,TRUE
17-05-2023,103,1,71.77,369.460724,TRUE
17-05-2023,101,2,66.04,369.460724,TRUE
17-05-2023,104,1,105.56,369.460724,TRUE
17-05-2023,101,3,23.62,369.460724,TRUE
17-05-2023,104,2,51.48,369.460724,TRUE
17-05-2023,102,3,42.41,369.460724,TRUE
17-05-2023,103,3,54.95,369.460724,TRUE
17-05-2023,104,3,30.98,369.460724,TRUE
17-05-2023,103,2,58.87,369.460724,TRUE
18-05-2023,104,1,16.1,369.460724,TRUE
18-05-2023,103,1,30.64,369.460724,TRUE
18-05-2023,101,2,55.43,369.460724,TRUE
18-05-2023,102,2,34.58,369.460724,TRUE
18-05-2023,102,1,55.52,369.460724,TRUE
18-05-2023,101,1,23.07,369.460724,TRUE
18-05-2023,101,3,33.48,369.460724,TRUE
18-05-2023,103,3,71.77,369.460724,TRUE
18-05-2023,104,3,48.05,369.460724,TRUE
18-05-2023,104,2,41.07,369.460724,TRUE
18-05-2023,102,3,43.05,369.460724,TRUE
18-05-2023,103,2,51.43,369.460724,TRUE
19-05-2023,102,2,41.73,369.460724,TRUE
19-05-2023,101,1,73.88,369.460724,TRUE
19-05-2023,102,1,32.81,369.460724,TRUE
19-05-2023,103,1,60.03,369.460724,TRUE
19-05-2023,104,1,28.62,369.460724,TRUE
19-05-2023,101,2,80.59,369.460724,TRUE
19-05-2023,104,2,95.39,369.460724,TRUE
19-05-2023,101,3,45.02,369.460724,TRUE
19-05-2023,102,3,56.63,369.460724,TRUE
19-05-2023,103,3,68.99,369.460724,TRUE
19-05-2023,104,3,50.82,369.460724,TRUE
19-05-2023,103,2,67.35,369.460724,TRUE
20-05-2023,101,2,52.58,369.460724,TRUE
20-05-2023,102,2,71.44,369.460724,TRUE
20-05-2023,102,1,40.29,369.460724,TRUE
20-05-2023,103,1,55,369.460724,TRUE
20-05-2023,104,1,46.4,369.460724,TRUE
20-05-2023,101,1,51.61,369.460724,TRUE
20-05-2023,104,2,84.02,369.460724,TRUE
20-05-2023,101,3,30.17,369.460724,TRUE
20-05-2023,102,3,60.39,369.460724,TRUE
20-05-2023,103,3,79.29,369.460724,TRUE
20-05-2023,104,3,58.92,369.460724,TRUE
20-05-2023,103,2,58.41,369.460724,TRUE
21-05-2023,101,2,87.54,369.460724,TRUE
21-05-2023,101,1,58.82,369.460724,TRUE
21-05-2023,102,1,77.28,369.460724,TRUE
21-05-2023,103,1,92.81,369.460724,TRUE
21-05-2023,104,1,97.02,369.460724,TRUE
21-05-2023,102,2,50.38,369.460724,TRUE
21-05-2023,103,2,86.12,369.460724,TRUE
21-05-2023,101,3,54.01,369.460724,TRUE
21-05-2023,102,3,85.2,369.460724,TRUE
21-05-2023,103,3,43.29,369.460724,TRUE
21-05-2023,104,3,70.31,369.460724,TRUE
21-05-2023,104,2,56.79,369.460724,TRUE
22-05-2023,101,1,69.28,369.460724,TRUE
22-05-2023,102,1,63.55,369.460724,TRUE
22-05-2023,103,1,54.64,369.460724,TRUE
22-05-2023,104,1,71.27,369.460724,TRUE
22-05-2023,101,2,80.99,369.460724,TRUE
22-05-2023,102,2,83.58,369.460724,TRUE
22-05-2023,103,2,89.35,369.460724,TRUE
22-05-2023,104,2,89.67,369.460724,TRUE
22-05-2023,101,3,76.32,369.460724,TRUE
22-05-2023,102,3,74.22,369.460724,TRUE
22-05-2023,103,3,35.3,369.460724,TRUE
22-05-2023,104,3,68.15,369.460724,TRUE
23-05-2023,101,2,47.43,369.460724,TRUE
23-05-2023,101,1,72.56,369.460724,TRUE
23-05-2023,102,1,43.09,369.460724,TRUE
23-05-2023,103,1,59.09,369.460724,TRUE
23-05-2023,104,1,92.56,369.460724,TRUE
23-05-2023,102,2,49.88,369.460724,TRUE
23-05-2023,103,2,57.54,369.460724,TRUE
23-05-2023,101,3,75.43,369.460724,TRUE
23-05-2023,102,3,85.78,369.460724,TRUE
23-05-2023,103,3,99.75,369.460724,TRUE
23-05-2023,104,3,97.43,369.460724,TRUE
23-05-2023,104,2,78.48,369.460724,TRUE
24-05-2023,104,1,82.7,369.460724,TRUE
24-05-2023,101,1,48.85,369.460724,TRUE
24-05-2023,102,1,77.66,369.460724,TRUE
24-05-2023,103,1,73.43,369.460724,TRUE
24-05-2023,101,2,57.87,369.460724,TRUE
24-05-2023,102,2,107.39,369.460724,TRUE
24-05-2023,103,2,56.41,369.460724,TRUE
24-05-2023,104,2,86.24,369.460724,TRUE
24-05-2023,102,3,65.7,369.460724,TRUE
24-05-2023,103,3,92.89,369.460724,TRUE
24-05-2023,104,3,77.5,369.460724,TRUE
24-05-2023,101,3,71.47,369.460724,TRUE
25-05-2023,101,1,16.04,369.460724,TRUE
25-05-2023,102,1,76.51,369.460724,TRUE
25-05-2023,103,1,74.09,369.460724,TRUE
25-05-2023,104,1,42.27,369.460724,TRUE
25-05-2023,101,2,71.28,369.460724,TRUE
25-05-2023,102,2,52.44,369.460724,TRUE
25-05-2023,103,2,38.63,369.460724,TRUE
25-05-2023,104,2,51.45,369.460724,TRUE
25-05-2023,101,3,80.89,369.460724,TRUE
25-05-2023,102,3,49.24,369.460724,TRUE
25-05-2023,103,3,12.97,369.460724,TRUE
25-05-2023,104,3,36.2,369.460724,TRUE
26-05-2023,101,2,97.55,369.460724,TRUE
26-05-2023,101,1,58.35,369.460724,TRUE
26-05-2023,102,1,45.33,369.460724,TRUE
26-05-2023,103,1,86.12,369.460724,TRUE
26-05-2023,104,1,73.91,369.460724,TRUE
26-05-2023,102,2,39.57,369.460724,TRUE
26-05-2023,103,2,57.24,369.460724,TRUE
26-05-2023,101,3,84.42,369.460724,TRUE
26-05-2023,102,3,73.1,369.460724,TRUE
26-05-2023,103,3,82.81,369.460724,TRUE
26-05-2023,104,3,33.67,369.460724,TRUE
26-05-2023,104,2,68.87,369.460724,TRUE
27-05-2023,101,2,50.49,369.460724,TRUE
27-05-2023,103,2,51.87,369.460724,TRUE
27-05-2023,101,1,86.36,369.460724,TRUE
27-05-2023,102,1,58.29,369.460724,TRUE
27-05-2023,103,1,39.2,369.460724,TRUE
27-05-2023,102,2,102.49,369.460724,TRUE
27-05-2023,102,3,56.65,369.460724,TRUE
27-05-2023,101,3,55.86,369.460724,TRUE
27-05-2023,103,3,101.57,369.460724,TRUE
27-05-2023,104,3,52.92,369.460724,TRUE
27-05-2023,104,2,74.64,369.460724,TRUE
27-05-2023,104,1,72.91,369.460724,TRUE
28-05-2023,102,2,47.47,369.460724,TRUE
28-05-2023,102,1,64.91,369.460724,TRUE
28-05-2023,103,1,67.98,369.460724,TRUE
28-05-2023,104,1,64.16,369.460724,TRUE
28-05-2023,101,2,60.19,369.460724,TRUE
28-05-2023,101,1,114.93,369.460724,TRUE
28-05-2023,103,2,92.53,369.460724,TRUE
28-05-2023,104,2,76.65,369.460724,TRUE
28-05-2023,101,3,70.91,369.460724,TRUE
28-05-2023,102,3,108.66,369.460724,TRUE
28-05-2023,104,3,111.72,369.460724,TRUE
28-05-2023,103,3,98.19,369.460724,TRUE
29-05-2023,102,2,92.36,369.460724,TRUE
29-05-2023,101,1,54.07,369.460724,TRUE
29-05-2023,102,1,48.75,369.460724,TRUE
29-05-2023,103,1,78.23,369.460724,TRUE
29-05-2023,101,2,64.31,369.460724,TRUE
29-05-2023,104,1,35.35,369.460724,TRUE
29-05-2023,101,3,84.96,369.460724,TRUE
29-05-2023,104,2,45.92,369.460724,TRUE
29-05-2023,102,3,56.43,369.460724,TRUE
29-05-2023,103,3,69.41,369.460724,TRUE
29-05-2023,104,3,88.59,369.460724,TRUE
29-05-2023,103,2,76.65,369.460724,TRUE
30-05-2023,104,1,82.52,369.460724,TRUE
30-05-2023,103,1,106.78,369.460724,TRUE
30-05-2023,101,2,85.36,369.460724,TRUE
30-05-2023,102,2,107.38,369.460724,TRUE
30-05-2023,102,1,112.76,369.460724,TRUE
30-05-2023,101,1,76.6,369.460724,TRUE
30-05-2023,101,3,80.38,369.460724,TRUE
30-05-2023,103,3,103.91,369.460724,TRUE
30-05-2023,104,3,84.52,369.460724,TRUE
30-05-2023,104,2,56.49,369.460724,TRUE
30-05-2023,102,3,41.17,369.460724,TRUE
30-05-2023,103,2,92.1,369.460724,TRUE
31-05-2023,101,1,42.78,369.460724,TRUE
31-05-2023,102,1,82.56,369.460724,TRUE
31-05-2023,103,1,43.2,369.460724,TRUE
31-05-2023,104,1,35.52,369.460724,TRUE
31-05-2023,101,2,27.79,369.460724,TRUE
31-05-2023,102,2,63.53,369.460724,TRUE
31-05-2023,103,2,46.93,369.460724,TRUE
31-05-2023,104,2,46.84,369.460724,TRUE
31-05-2023,101,3,37.56,369.460724,TRUE
31-05-2023,102,3,68.13,369.460724,TRUE
31-05-2023,103,3,39.08,369.460724,TRUE
31-05-2023,104,3,83.53,369.460724,TRUE
01-06-2023,101,2,71.13,369.460724,TRUE
01-06-2023,101,1,76.18,369.460724,TRUE
01-06-2023,102,1,54.14,369.460724,TRUE
01-06-2023,103,1,53.31,369.460724,TRUE
01-06-2023,104,1,43.83,369.460724,TRUE
01-06-2023,102,2,26.29,369.460724,TRUE
01-06-2023,103,2,83.93,369.460724,TRUE
01-06-2023,101,3,41.48,369.460724,TRUE
01-06-2023,102,3,21.59,369.460724,TRUE
01-06-2023,103,3,60.77,369.460724,TRUE
01-06-2023,104,3,53.42,369.460724,TRUE
01-06-2023,104,2,58.63,369.460724,TRUE
02-06-2023,103,1,24.46,369.460724,TRUE
02-06-2023,102,2,38.37,369.460724,TRUE
02-06-2023,101,1,28.41,369.460724,TRUE
02-06-2023,102,1,42.89,369.460724,TRUE
02-06-2023,104,1,74.82,369.460724,TRUE
02-06-2023,101,2,30.48,369.460724,TRUE
02-06-2023,104,2,95.8,369.460724,TRUE
02-06-2023,102,3,27.26,369.460724,TRUE
02-06-2023,103,3,58.49,369.460724,TRUE
02-06-2023,104,3,57.98,369.460724,TRUE
02-06-2023,101,3,94.43,369.460724,TRUE
02-06-2023,103,2,43.52,369.460724,TRUE
03-06-2023,102,2,97.3,369.460724,TRUE
03-06-2023,101,1,60.25,369.460724,TRUE
03-06-2023,103,1,60.58,369.460724,TRUE
03-06-2023,104,1,100.04,369.460724,TRUE
03-06-2023,101,2,26.31,369.460724,TRUE
03-06-2023,102,1,89.19,369.460724,TRUE
03-06-2023,103,2,61.59,369.460724,TRUE
03-06-2023,104,2,66.42,369.460724,TRUE
03-06-2023,101,3,85.13,369.460724,TRUE
03-06-2023,103,3,35.57,369.460724,TRUE
03-06-2023,104,3,23.7,369.460724,TRUE
03-06-2023,102,3,51.68,369.460724,TRUE
04-06-2023,102,2,101.79,369.460724,TRUE
04-06-2023,101,1,41.78,369.460724,TRUE
04-06-2023,102,1,90.6,369.460724,TRUE
04-06-2023,103,1,87.33,369.460724,TRUE
04-06-2023,101,2,46.48,369.460724,TRUE
04-06-2023,104,1,111.2,369.460724,TRUE
04-06-2023,101,3,80.31,369.460724,TRUE
04-06-2023,104,2,83.24,369.460724,TRUE
04-06-2023,102,3,45.01,369.460724,TRUE
04-06-2023,103,3,78.92,369.460724,TRUE
04-06-2023,104,3,82.77,369.460724,TRUE
04-06-2023,103,2,42.38,369.460724,TRUE
05-06-2023,104,1,65.69,369.460724,TRUE
05-06-2023,103,1,81.1,369.460724,TRUE
05-06-2023,101,2,87.62,369.460724,TRUE
05-06-2023,102,2,46.03,369.460724,TRUE
05-06-2023,102,1,84.99,369.460724,TRUE
05-06-2023,101,1,78.6,369.460724,TRUE
05-06-2023,101,3,75.97,369.460724,TRUE
05-06-2023,103,3,68.26,369.460724,TRUE
05-06-2023,104,3,92.46,369.460724,TRUE
05-06-2023,104,2,56.16,369.460724,TRUE
05-06-2023,102,3,38,369.460724,TRUE
05-06-2023,103,2,70.59,369.460724,TRUE
06-06-2023,102,2,98.57,369.460724,TRUE
06-06-2023,101,1,53.76,369.460724,TRUE
06-06-2023,102,1,30.38,369.460724,TRUE
06-06-2023,103,1,60.8,369.460724,TRUE
06-06-2023,104,1,36.67,369.460724,TRUE
06-06-2023,101,2,66.42,369.460724,TRUE
06-06-2023,104,2,62.62,369.460724,TRUE
06-06-2023,101,3,86.47,369.460724,TRUE
06-06-2023,102,3,69.45,369.460724,TRUE
06-06-2023,103,3,92.82,369.460724,TRUE
06-06-2023,104,3,81.55,369.460724,TRUE
06-06-2023,103,2,79.25,369.460724,TRUE
07-06-2023,101,2,56.24,369.460724,TRUE
07-06-2023,102,2,58.91,369.460724,TRUE
07-06-2023,102,1,45.77,369.460724,TRUE
07-06-2023,103,1,67.81,369.460724,TRUE
07-06-2023,104,1,13.48,369.460724,TRUE
07-06-2023,101,1,49.56,369.460724,TRUE
07-06-2023,104,2,84.75,369.460724,TRUE
07-06-2023,101,3,82.42,369.460724,TRUE
07-06-2023,102,3,56.89,369.460724,TRUE
07-06-2023,103,3,62.13,369.460724,TRUE
07-06-2023,104,3,13.5,369.460724,TRUE
07-06-2023,103,2,85.73,369.460724,TRUE
08-06-2023,101,2,36.16,369.460724,TRUE
08-06-2023,102,2,57.87,369.460724,TRUE
08-06-2023,102,1,67.5,369.460724,TRUE
08-06-2023,103,1,56.67,369.460724,TRUE
08-06-2023,104,1,63.28,369.460724,TRUE
08-06-2023,101,1,50.11,369.460724,TRUE
08-06-2023,104,2,80.86,369.460724,TRUE
08-06-2023,101,3,32.43,369.460724,TRUE
08-06-2023,102,3,68.8,369.460724,TRUE
08-06-2023,103,3,62.27,369.460724,TRUE
08-06-2023,104,3,43.58,369.460724,TRUE
08-06-2023,103,2,88.77,369.460724,TRUE
09-06-2023,102,2,43.54,369.460724,TRUE
09-06-2023,101,1,37.64,369.460724,TRUE
09-06-2023,102,1,64.55,369.460724,TRUE
09-06-2023,103,1,35.76,369.460724,TRUE
09-06-2023,104,1,47.16,369.460724,TRUE
09-06-2023,101,2,52,369.460724,TRUE
09-06-2023,104,2,75.47,369.460724,TRUE
09-06-2023,101,3,21.46,369.460724,TRUE
09-06-2023,102,3,67.38,369.460724,TRUE
09-06-2023,103,3,59.73,369.460724,TRUE
09-06-2023,104,3,45.91,369.460724,TRUE
09-06-2023,103,2,57.48,369.460724,TRUE
10-06-2023,101,2,86.68,369.460724,TRUE
10-06-2023,103,1,55.81,369.460724,TRUE
10-06-2023,104,1,41.01,369.460724,TRUE
10-06-2023,102,2,70.55,369.460724,TRUE
10-06-2023,102,1,28.23,369.460724,TRUE
10-06-2023,101,1,71.8,369.460724,TRUE
10-06-2023,104,2,77.52,369.460724,TRUE
10-06-2023,101,3,79.19,369.460724,TRUE
10-06-2023,104,3,61.28,369.460724,TRUE
10-06-2023,103,2,56.98,369.460724,TRUE
10-06-2023,102,3,74.31,369.460724,TRUE
10-06-2023,103,3,87.45,369.460724,TRUE
11-06-2023,102,2,72.72,369.460724,TRUE
11-06-2023,101,1,59.67,369.460724,TRUE
11-06-2023,102,1,90.98,369.460724,TRUE
11-06-2023,103,1,73.29,369.460724,TRUE
11-06-2023,101,2,85.12,369.460724,TRUE
11-06-2023,104,1,95.92,369.460724,TRUE
11-06-2023,103,2,95.31,369.460724,TRUE
11-06-2023,101,3,86.5,369.460724,TRUE
11-06-2023,102,3,56.58,369.460724,TRUE
11-06-2023,103,3,114.52,369.460724,TRUE
11-06-2023,104,3,85.3,369.460724,TRUE
11-06-2023,104,2,65.98,369.460724,TRUE
12-06-2023,101,2,90.3,369.460724,TRUE
12-06-2023,102,2,77.04,369.460724,TRUE
12-06-2023,101,1,44.41,369.460724,TRUE
12-06-2023,103,1,94.01,369.460724,TRUE
12-06-2023,104,1,57.99,369.460724,TRUE
12-06-2023,102,1,82.14,369.460724,TRUE
12-06-2023,104,3,95.47,369.460724,TRUE
12-06-2023,101,3,70.57,369.460724,TRUE
12-06-2023,102,3,74.61,369.460724,TRUE
12-06-2023,103,3,116.69,369.460724,TRUE
12-06-2023,104,2,103.1,369.460724,TRUE
12-06-2023,103,2,56.14,369.460724,TRUE
13-06-2023,101,2,59.97,369.460724,TRUE
13-06-2023,102,2,105.24,369.460724,TRUE
13-06-2023,101,1,65.41,369.460724,TRUE
13-06-2023,103,1,98.41,369.460724,TRUE
13-06-2023,104,1,72.03,369.460724,TRUE
13-06-2023,102,1,84.21,369.460724,TRUE
13-06-2023,104,3,67.72,369.460724,TRUE
13-06-2023,101,3,93.08,369.460724,TRUE
13-06-2023,102,3,86.57,369.460724,TRUE
13-06-2023,103,3,54.7,369.460724,TRUE
13-06-2023,104,2,59.05,369.460724,TRUE
13-06-2023,103,2,44.45,369.460724,TRUE
14-06-2023,101,2,60.45,369.460724,TRUE
14-06-2023,101,1,51.08,369.460724,TRUE
14-06-2023,102,1,54.44,369.460724,TRUE
14-06-2023,103,1,56.81,369.460724,TRUE
14-06-2023,104,1,45.8,369.460724,TRUE
14-06-2023,102,2,34.13,369.460724,TRUE
14-06-2023,103,2,63.67,369.460724,TRUE
14-06-2023,101,3,81.53,369.460724,TRUE
14-06-2023,102,3,39.44,369.460724,TRUE
14-06-2023,103,3,30.67,369.460724,TRUE
14-06-2023,104,3,76.91,369.460724,TRUE
14-06-2023,104,2,17.81,369.460724,TRUE
15-06-2023,104,1,66.87,369.460724,TRUE
15-06-2023,101,1,34.5,369.460724,TRUE
15-06-2023,102,1,40.57,369.460724,TRUE
15-06-2023,103,1,43.73,369.460724,TRUE
15-06-2023,101,2,61.41,369.460724,TRUE
15-06-2023,102,2,51.13,369.460724,TRUE
15-06-2023,103,2,84.93,369.460724,TRUE
15-06-2023,101,3,54.3,369.460724,TRUE
15-06-2023,102,3,32.95,369.460724,TRUE
15-06-2023,103,3,40.37,369.460724,TRUE
15-06-2023,104,2,62.5,369.460724,TRUE
15-06-2023,104,3,62.78,369.460724,TRUE
16-06-2023,101,1,71.28,369.460724,TRUE
16-06-2023,102,2,44.64,369.460724,TRUE
16-06-2023,103,1,54.6,369.460724,TRUE
16-06-2023,104,1,42.34,369.460724,TRUE
16-06-2023,101,2,75.95,369.460724,TRUE
16-06-2023,102,1,84.39,369.460724,TRUE
16-06-2023,103,3,84.48,369.460724,TRUE
16-06-2023,104,2,55.54,369.460724,TRUE
16-06-2023,101,3,99.78,369.460724,TRUE
16-06-2023,102,3,40.81,369.460724,TRUE
16-06-2023,103,2,45.77,369.460724,TRUE
16-06-2023,104,3,44.09,369.460724,TRUE
17-06-2023,101,1,74.05,369.460724,TRUE
17-06-2023,102,1,30.85,369.460724,TRUE
17-06-2023,103,1,55.35,369.460724,TRUE
17-06-2023,104,1,22.02,369.460724,TRUE
17-06-2023,101,2,93.3,369.460724,TRUE
17-06-2023,102,2,37.51,369.460724,TRUE
17-06-2023,103,2,70.44,369.460724,TRUE
17-06-2023,104,2,31.07,369.460724,TRUE
17-06-2023,101,3,68.67,369.460724,TRUE
17-06-2023,102,3,47.41,369.460724,TRUE
17-06-2023,103,3,61.13,369.460724,TRUE
17-06-2023,104,3,63.81,369.460724,TRUE
18-06-2023,104,1,61.36,369.460724,TRUE
18-06-2023,102,2,64.91,369.460724,TRUE
18-06-2023,102,1,85.24,369.460724,TRUE
18-06-2023,101,1,63.27,369.460724,TRUE
18-06-2023,101,2,86.96,369.460724,TRUE
18-06-2023,103,1,88.85,369.460724,TRUE
18-06-2023,103,2,98.26,369.460724,TRUE
18-06-2023,103,3,102.94,369.460724,TRUE
18-06-2023,102,3,99.96,369.460724,TRUE
18-06-2023,104,3,79.49,369.460724,TRUE
18-06-2023,104,2,69.83,369.460724,TRUE
18-06-2023,101,3,42.87,369.460724,TRUE
19-06-2023,101,1,121.17,369.460724,TRUE
19-06-2023,102,1,66.57,369.460724,TRUE
19-06-2023,103,1,44.55,369.460724,TRUE
19-06-2023,104,1,51.18,369.460724,TRUE
19-06-2023,101,2,106.44,369.460724,TRUE
19-06-2023,102,2,78.81,369.460724,TRUE
19-06-2023,103,2,82.81,369.460724,TRUE
19-06-2023,104,2,78.38,369.460724,TRUE
19-06-2023,101,3,85.5,369.460724,TRUE
19-06-2023,102,3,76.52,369.460724,TRUE
19-06-2023,103,3,56.75,369.460724,TRUE
19-06-2023,104,3,95.11,369.460724,TRUE
20-06-2023,102,1,78.2,369.460724,TRUE
20-06-2023,101,2,72.15,369.460724,TRUE
20-06-2023,101,1,101.72,369.460724,TRUE
20-06-2023,103,1,119.93,369.460724,TRUE
20-06-2023,104,1,112.14,369.460724,TRUE
20-06-2023,102,2,55.52,369.460724,TRUE
20-06-2023,103,2,50.52,369.460724,TRUE
20-06-2023,101,3,45.01,369.460724,TRUE
20-06-2023,102,3,62.62,369.460724,TRUE
20-06-2023,104,3,58,369.460724,TRUE
20-06-2023,104,2,27.71,369.460724,TRUE
20-06-2023,103,3,40.05,369.460724,TRUE
21-06-2023,102,2,70.37,369.460724,TRUE
21-06-2023,104,1,58.61,369.460724,TRUE
21-06-2023,101,1,50.41,369.460724,TRUE
21-06-2023,102,1,53.37,369.460724,TRUE
21-06-2023,103,1,39,369.460724,TRUE
21-06-2023,101,2,69.42,369.460724,TRUE
21-06-2023,101,3,77.23,369.460724,TRUE
21-06-2023,102,3,34.58,369.460724,TRUE
21-06-2023,103,3,51.13,369.460724,TRUE
21-06-2023,104,2,87.45,369.460724,TRUE
21-06-2023,104,3,95.1,369.460724,TRUE
21-06-2023,103,2,72.36,369.460724,TRUE
22-06-2023,101,1,24.56,369.460724,TRUE
22-06-2023,102,1,66.05,369.460724,TRUE
22-06-2023,103,1,67.42,369.460724,TRUE
22-06-2023,104,1,22.97,369.460724,TRUE
22-06-2023,101,2,62.61,369.460724,TRUE
22-06-2023,102,2,42.94,369.460724,TRUE
22-06-2023,103,2,63.51,369.460724,TRUE
22-06-2023,104,2,93.09,369.460724,TRUE
22-06-2023,101,3,77.15,369.460724,TRUE
22-06-2023,102,3,34.1,369.460724,TRUE
22-06-2023,103,3,50.84,369.460724,TRUE
22-06-2023,104,3,99.72,369.460724,TRUE
23-06-2023,101,1,74.91,369.460724,TRUE
23-06-2023,102,1,65.59,369.460724,TRUE
23-06-2023,103,1,94.42,369.460724,TRUE
23-06-2023,104,1,75.94,369.460724,TRUE
23-06-2023,101,2,52.98,369.460724,TRUE
23-06-2023,102,2,104.78,369.460724,TRUE
23-06-2023,103,2,78.35,369.460724,TRUE
23-06-2023,104,2,63.3,369.460724,TRUE
23-06-2023,101,3,76.07,369.460724,TRUE
23-06-2023,102,3,38.93,369.460724,TRUE
23-06-2023,103,3,87.81,369.460724,TRUE
23-06-2023,104,3,47.94,369.460724,TRUE
24-06-2023,101,1,43.88,369.460724,TRUE
24-06-2023,102,1,31.39,369.460724,TRUE
24-06-2023,103,1,103.79,369.460724,TRUE
24-06-2023,104,1,48.48,369.460724,TRUE
24-06-2023,101,2,28.95,369.460724,TRUE
24-06-2023,102,2,57.59,369.460724,TRUE
24-06-2023,103,2,96.02,369.460724,TRUE
24-06-2023,104,2,56.74,369.460724,TRUE
24-06-2023,101,3,79.24,369.460724,TRUE
24-06-2023,102,3,66.11,369.460724,TRUE
24-06-2023,103,3,33.39,369.460724,TRUE
24-06-2023,104,3,63.12,369.460724,TRUE
25-06-2023,101,2,71.64,369.460724,TRUE
25-06-2023,101,1,64.42,369.460724,TRUE
25-06-2023,102,1,78.92,369.460724,TRUE
25-06-2023,103,1,110,369.460724,TRUE
25-06-2023,104,1,98.83,369.460724,TRUE
25-06-2023,102,2,52.88,369.460724,TRUE
25-06-2023,103,2,71.24,369.460724,TRUE
25-06-2023,101,3,81.06,369.460724,TRUE
25-06-2023,102,3,94.36,369.460724,TRUE
25-06-2023,103,3,88.92,369.460724,TRUE
25-06-2023,104,3,86.35,369.460724,TRUE
25-06-2023,104,2,118.35,369.460724,TRUE
26-06-2023,101,1,114.44,369.460724,TRUE
26-06-2023,104,1,78.98,369.460724,TRUE
26-06-2023,102,2,103.97,369.460724,TRUE
26-06-2023,102,1,71.59,369.460724,TRUE
26-06-2023,101,2,75.07,369.460724,TRUE
26-06-2023,103,1,34.17,369.460724,TRUE
26-06-2023,103,2,74.95,369.460724,TRUE
26-06-2023,104,2,45.52,369.460724,TRUE
26-06-2023,103,3,100.47,369.460724,TRUE
26-06-2023,104,3,95.16,369.460724,TRUE
26-06-2023,101,3,94.57,369.460724,TRUE
26-06-2023,102,3,84.01,369.460724,TRUE
27-06-2023,101,1,87.32,369.460724,TRUE
27-06-2023,102,1,115.61,369.460724,TRUE
27-06-2023,103,1,87.76,369.460724,TRUE
27-06-2023,104,1,97.26,369.460724,TRUE
27-06-2023,101,2,74.12,369.460724,TRUE
27-06-2023,102,2,110.17,369.460724,TRUE
27-06-2023,103,2,89.46,369.460724,TRUE
27-06-2023,104,2,80.54,369.460724,TRUE
27-06-2023,101,3,75.67,369.460724,TRUE
27-06-2023,102,3,44.21,369.460724,TRUE
27-06-2023,103,3,83.23,369.460724,TRUE
27-06-2023,104,3,85.73,369.460724,TRUE
28-06-2023,102,1,27.71,369.460724,TRUE
28-06-2023,101,2,59.82,369.460724,TRUE
28-06-2023,101,1,37.89,369.460724,TRUE
28-06-2023,103,1,30.34,369.460724,TRUE
28-06-2023,104,1,76.2,369.460724,TRUE
28-06-2023,102,2,39.97,369.460724,TRUE
28-06-2023,103,2,17.17,369.460724,TRUE
28-06-2023,101,3,50.3,369.460724,TRUE
28-06-2023,102,3,86.12,369.460724,TRUE
28-06-2023,104,3,81.68,369.460724,TRUE
28-06-2023,104,2,80.55,369.460724,TRUE
28-06-2023,103,3,87.07,369.460724,TRUE
29-06-2023,101,2,54.24,369.460724,TRUE
29-06-2023,102,2,74.27,369.460724,TRUE
29-06-2023,101,1,86.69,369.460724,TRUE
29-06-2023,102,1,97.37,369.460724,TRUE
29-06-2023,103,1,77.55,369.460724,TRUE
29-06-2023,104,1,54.01,369.460724,TRUE
29-06-2023,104,2,87.32,369.460724,TRUE
29-06-2023,102,3,47.34,369.460724,TRUE
29-06-2023,103,3,51.66,369.460724,TRUE
29-06-2023,103,2,65.22,369.460724,TRUE
29-06-2023,104,3,67.79,369.460724,TRUE
29-06-2023,101,3,59.98,369.460724,TRUE
30-06-2023,102,2,29.49,369.460724,TRUE
30-06-2023,101,1,76.93,369.460724,TRUE
30-06-2023,102,1,65.78,369.460724,TRUE
30-06-2023,103,1,24.6,369.460724,TRUE
30-06-2023,104,1,93.51,369.460724,TRUE
30-06-2023,101,2,28.86,369.460724,TRUE
30-06-2023,104,2,32.77,369.460724,TRUE
30-06-2023,101,3,41.24,369.460724,TRUE
30-06-2023,102,3,54.54,369.460724,TRUE
30-06-2023,103,3,19.36,369.460724,TRUE
30-06-2023,104,3,39.63,369.460724,TRUE
30-06-2023,103,2,33.94,369.460724,TRUE
01-07-2023,101,2,34.05,369.460724,TRUE
01-07-2023,102,2,72.21,369.460724,TRUE
01-07-2023,102,1,72.05,369.460724,TRUE
01-07-2023,103,1,96.5,369.460724,TRUE
01-07-2023,104,1,68.66,369.460724,TRUE
01-07-2023,101,1,109.24,369.460724,TRUE
01-07-2023,104,2,51.75,369.460724,TRUE
01-07-2023,101,3,60.69,369.460724,TRUE
01-07-2023,102,3,54.88,369.460724,TRUE
01-07-2023,103,3,76.39,369.460724,TRUE
01-07-2023,104,3,62.59,369.460724,TRUE
01-07-2023,103,2,25.6,369.460724,TRUE
02-07-2023,101,2,56.89,369.460724,TRUE
02-07-2023,101,1,93.98,369.460724,TRUE
02-07-2023,102,1,57.21,369.460724,TRUE
02-07-2023,103,1,72.58,369.460724,TRUE
02-07-2023,104,1,37.92,369.460724,TRUE
02-07-2023,102,2,72.03,369.460724,TRUE
02-07-2023,103,2,81.56,369.460724,TRUE
02-07-2023,101,3,46.13,369.460724,TRUE
02-07-2023,102,3,80.8,369.460724,TRUE
02-07-2023,103,3,56.92,369.460724,TRUE
02-07-2023,104,3,98.31,369.460724,TRUE
02-07-2023,104,2,63.38,369.460724,TRUE
03-07-2023,101,1,63.52,369.460724,TRUE
03-07-2023,102,1,59,369.460724,TRUE
03-07-2023,103,1,87.45,369.460724,TRUE
03-07-2023,104,1,102.66,369.460724,TRUE
03-07-2023,101,2,83.48,369.460724,TRUE
03-07-2023,102,2,68.55,369.460724,TRUE
03-07-2023,103,2,105.25,369.460724,TRUE
03-07-2023,104,2,70.12,369.460724,TRUE
03-07-2023,101,3,105.62,369.460724,TRUE
03-07-2023,102,3,57.45,369.460724,TRUE
03-07-2023,103,3,99.05,369.460724,TRUE
03-07-2023,104,3,58.28,369.460724,TRUE
04-07-2023,101,2,92.59,369.460724,TRUE
04-07-2023,101,1,73.3,369.460724,TRUE
04-07-2023,102,1,101.99,369.460724,TRUE
04-07-2023,103,1,93.52,369.460724,TRUE
04-07-2023,104,1,86.63,369.460724,TRUE
04-07-2023,102,2,54.82,369.460724,TRUE
04-07-2023,103,2,62.85,369.460724,TRUE
04-07-2023,101,3,51.61,369.460724,TRUE
04-07-2023,102,3,55.34,369.460724,TRUE
04-07-2023,103,3,62.95,369.460724,TRUE
04-07-2023,104,3,81.58,369.460724,TRUE
04-07-2023,104,2,69.58,369.460724,TRUE
05-07-2023,103,1,73.02,369.460724,TRUE
05-07-2023,102,2,105.21,369.460724,TRUE
05-07-2023,101,1,34.51,369.460724,TRUE
05-07-2023,102,1,25.1,369.460724,TRUE
05-07-2023,104,1,92.54,369.460724,TRUE
05-07-2023,101,2,78.68,369.460724,TRUE
05-07-2023,104,2,41.19,369.460724,TRUE
05-07-2023,102,3,66.03,369.460724,TRUE
05-07-2023,103,3,59.84,369.460724,TRUE
05-07-2023,104,3,41.89,369.460724,TRUE
05-07-2023,101,3,73.15,369.460724,TRUE
05-07-2023,103,2,44.21,369.460724,TRUE
06-07-2023,102,2,58.63,369.460724,TRUE
06-07-2023,101,1,47.09,369.460724,TRUE
06-07-2023,103,1,33.76,369.460724,TRUE
06-07-2023,104,1,67.66,369.460724,TRUE
06-07-2023,101,2,64.3,369.460724,TRUE
06-07-2023,102,1,86.22,369.460724,TRUE
06-07-2023,103,2,58.6,369.460724,TRUE
06-07-2023,104,2,52.05,369.460724,TRUE
06-07-2023,101,3,70.77,369.460724,TRUE
06-07-2023,103,3,49.67,369.460724,TRUE
06-07-2023,104,3,73.65,369.460724,TRUE
06-07-2023,102,3,67.92,369.460724,TRUE
07-07-2023,102,2,69.28,369.460724,TRUE
07-07-2023,101,1,70.71,369.460724,TRUE
07-07-2023,102,1,83.21,369.460724,TRUE
07-07-2023,103,1,57.68,369.460724,TRUE
07-07-2023,101,2,44.87,369.460724,TRUE
07-07-2023,104,1,46.42,369.460724,TRUE
07-07-2023,101,3,81.22,369.460724,TRUE
07-07-2023,104,2,28.56,369.460724,TRUE
07-07-2023,102,3,39.78,369.460724,TRUE
07-07-2023,103,3,55.29,369.460724,TRUE
07-07-2023,104,3,47.96,369.460724,TRUE
07-07-2023,103,2,72.83,369.460724,TRUE
08-07-2023,104,1,65.48,369.460724,TRUE
08-07-2023,103,1,65.27,369.460724,TRUE
08-07-2023,101,2,86.34,369.460724,TRUE
08-07-2023,102,2,94.11,369.460724,TRUE
08-07-2023,102,1,80.12,369.460724,TRUE
08-07-2023,101,1,65.68,369.460724,TRUE
08-07-2023,101,3,40.35,369.460724,TRUE
08-07-2023,103,3,77.56,369.460724,TRUE
08-07-2023,104,3,93.39,369.460724,TRUE
08-07-2023,104,2,88.92,369.460724,TRUE
08-07-2023,102,3,47.74,369.460724,TRUE
08-07-2023,103,2,64.11,369.460724,TRUE
09-07-2023,102,2,59.71,369.460724,TRUE
09-07-2023,101,1,79.46,369.460724,TRUE
09-07-2023,102,1,54.64,369.460724,TRUE
09-07-2023,103,1,98.84,369.460724,TRUE
09-07-2023,104,1,90.46,369.460724,TRUE
09-07-2023,101,2,64.21,369.460724,TRUE
09-07-2023,104,2,98.95,369.460724,TRUE
09-07-2023,101,3,95.99,369.460724,TRUE
09-07-2023,102,3,84.24,369.460724,TRUE
09-07-2023,103,3,109.8,369.460724,TRUE
09-07-2023,104,3,70.78,369.460724,TRUE
09-07-2023,103,2,72.11,369.460724,TRUE
10-07-2023,101,2,99.25,369.460724,TRUE
10-07-2023,102,2,93.22,369.460724,TRUE
10-07-2023,102,1,77.34,369.460724,TRUE
10-07-2023,103,1,62.48,369.460724,TRUE
10-07-2023,104,1,84,369.460724,TRUE
10-07-2023,101,1,93.75,369.460724,TRUE
10-07-2023,104,2,50.07,369.460724,TRUE
10-07-2023,101,3,112.4,369.460724,TRUE
10-07-2023,102,3,78.49,369.460724,TRUE
10-07-2023,103,3,46.02,369.460724,TRUE
10-07-2023,104,3,73.69,369.460724,TRUE
10-07-2023,103,2,106.94,369.460724,TRUE
11-07-2023,101,2,45.24,369.460724,TRUE
11-07-2023,102,2,63,369.460724,TRUE
11-07-2023,102,1,87.11,369.460724,TRUE
11-07-2023,103,1,59.42,369.460724,TRUE
11-07-2023,104,1,103.81,369.460724,TRUE
11-07-2023,101,1,85.1,369.460724,TRUE
11-07-2023,104,2,84.38,369.460724,TRUE
11-07-2023,101,3,57.92,369.460724,TRUE
11-07-2023,102,3,74.46,369.460724,TRUE
11-07-2023,103,3,88.82,369.460724,TRUE
11-07-2023,104,3,101.09,369.460724,TRUE
11-07-2023,103,2,90.93,369.460724,TRUE
12-07-2023,102,2,102.06,369.460724,TRUE
12-07-2023,101,1,90.43,369.460724,TRUE
12-07-2023,102,1,47.7,369.460724,TRUE
12-07-2023,103,1,56.24,369.460724,TRUE
12-07-2023,104,1,72.81,369.460724,TRUE
12-07-2023,101,2,100.02,369.460724,TRUE
12-07-2023,104,2,58.32,369.460724,TRUE
12-07-2023,101,3,91.55,369.460724,TRUE
12-07-2023,102,3,63.24,369.460724,TRUE
12-07-2023,103,3,57.34,369.460724,TRUE
12-07-2023,104,3,65.06,369.460724,TRUE
12-07-2023,103,2,83.38,369.460724,TRUE
13-07-2023,101,2,73.11,369.460724,TRUE
13-07-2023,101,1,91.44,369.460724,TRUE
13-07-2023,102,1,54.99,369.460724,TRUE
13-07-2023,103,1,54.1,369.460724,TRUE
13-07-2023,104,1,64.94,369.460724,TRUE
13-07-2023,102,2,58.97,369.460724,TRUE
13-07-2023,103,2,89.84,369.460724,TRUE
13-07-2023,101,3,70.41,369.460724,TRUE
13-07-2023,102,3,95.12,369.460724,TRUE
13-07-2023,103,3,53.2,369.460724,TRUE
13-07-2023,104,3,57.36,369.460724,TRUE
13-07-2023,104,2,57.14,369.460724,TRUE
14-07-2023,101,1,36.72,369.460724,TRUE
14-07-2023,102,1,44.6,369.460724,TRUE
14-07-2023,103,1,41.03,369.460724,TRUE
14-07-2023,104,1,52.6,369.460724,TRUE
14-07-2023,101,2,51.31,369.460724,TRUE
14-07-2023,102,2,37.33,369.460724,TRUE
14-07-2023,103,2,66.31,369.460724,TRUE
14-07-2023,104,2,89.3,369.460724,TRUE
14-07-2023,101,3,79.99,369.460724,TRUE
14-07-2023,102,3,38.73,369.460724,TRUE
14-07-2023,103,3,61.64,369.460724,TRUE
14-07-2023,104,3,41.55,369.460724,TRUE
15-07-2023,101,1,70.47,369.460724,TRUE
15-07-2023,102,1,93.02,369.460724,TRUE
15-07-2023,103,1,87.82,369.460724,TRUE
15-07-2023,104,1,54.31,369.460724,TRUE
15-07-2023,101,2,79.35,369.460724,TRUE
15-07-2023,102,2,8.6,369.460724,TRUE
15-07-2023,103,2,71.13,369.460724,TRUE
15-07-2023,104,2,75.09,369.460724,TRUE
15-07-2023,101,3,33.05,369.460724,TRUE
15-07-2023,102,3,29.05,369.460724,TRUE
15-07-2023,103,3,48.61,369.460724,TRUE
15-07-2023,104,3,45.87,369.460724,TRUE
16-07-2023,101,1,68.36,369.460724,TRUE
16-07-2023,102,1,38.43,369.460724,TRUE
16-07-2023,103,1,31.36,369.460724,TRUE
16-07-2023,104,1,60.85,369.460724,TRUE
16-07-2023,101,2,59.94,369.460724,TRUE
16-07-2023,102,2,61.37,369.460724,TRUE
16-07-2023,103,2,37.15,369.460724,TRUE
16-07-2023,104,2,103.07,369.460724,TRUE
16-07-2023,101,3,65.49,369.460724,TRUE
16-07-2023,102,3,55.96,369.460724,TRUE
16-07-2023,103,3,35.72,369.460724,TRUE
16-07-2023,104,3,77.37,369.460724,TRUE
17-07-2023,101,2,108.88,369.460724,TRUE
17-07-2023,101,1,63.17,369.460724,TRUE
17-07-2023,102,1,72.16,369.460724,TRUE
17-07-2023,103,1,70.56,369.460724,TRUE
17-07-2023,104,1,102.37,369.460724,TRUE
17-07-2023,102,2,45.29,369.460724,TRUE
17-07-2023,103,2,94.07,369.460724,TRUE
17-07-2023,101,3,95.23,369.460724,TRUE
17-07-2023,102,3,99.34,369.460724,TRUE
17-07-2023,103,3,54.4,369.460724,TRUE
17-07-2023,104,3,49.61,369.460724,TRUE
17-07-2023,104,2,63.92,369.460724,TRUE
18-07-2023,101,1,50.83,369.460724,TRUE
18-07-2023,104,1,108.2,369.460724,TRUE
18-07-2023,102,2,79.01,369.460724,TRUE
18-07-2023,102,1,54.05,369.460724,TRUE
18-07-2023,101,2,68.99,369.460724,TRUE
18-07-2023,103,1,32.38,369.460724,TRUE
18-07-2023,103,2,45.9,369.460724,TRUE
18-07-2023,104,2,63.8,369.460724,TRUE
18-07-2023,103,3,100.82,369.460724,TRUE
18-07-2023,104,3,74.04,369.460724,TRUE
18-07-2023,101,3,100.71,369.460724,TRUE
18-07-2023,102,3,89.5,369.460724,TRUE
19-07-2023,101,1,51.09,369.460724,TRUE
19-07-2023,102,1,85.53,369.460724,TRUE
19-07-2023,103,1,79.31,369.460724,TRUE
19-07-2023,104,1,59.47,369.460724,TRUE
19-07-2023,101,2,54.07,369.460724,TRUE
19-07-2023,102,2,72.52,369.460724,TRUE
19-07-2023,103,2,80.82,369.460724,TRUE
19-07-2023,104,2,46.62,369.460724,TRUE
19-07-2023,101,3,67.6,369.460724,TRUE
19-07-2023,102,3,38.43,369.460724,TRUE
19-07-2023,103,3,73.27,369.460724,TRUE
19-07-2023,104,3,68.25,369.460724,TRUE
20-07-2023,102,1,84.46,369.460724,TRUE
20-07-2023,101,2,72.8,369.460724,TRUE
20-07-2023,101,1,102.49,369.460724,TRUE
20-07-2023,103,1,80.79,369.460724,TRUE
20-07-2023,104,1,69.18,369.460724,TRUE
20-07-2023,102,2,77.96,369.460724,TRUE
20-07-2023,103,2,46.81,369.460724,TRUE
20-07-2023,101,3,65.03,369.460724,TRUE
20-07-2023,102,3,16.66,369.460724,TRUE
20-07-2023,104,3,59.19,369.460724,TRUE
20-07-2023,104,2,74.46,369.460724,TRUE
20-07-2023,103,3,69.6,369.460724,TRUE
21-07-2023,101,2,41.1,369.460724,TRUE
21-07-2023,102,2,71.42,369.460724,TRUE
21-07-2023,101,1,77.15,369.460724,TRUE
21-07-2023,102,1,75.07,369.460724,TRUE
21-07-2023,103,1,49.64,369.460724,TRUE
21-07-2023,104,1,95.31,369.460724,TRUE
21-07-2023,104,2,76.61,369.460724,TRUE
21-07-2023,102,3,97.47,369.460724,TRUE
21-07-2023,103,3,48.46,369.460724,TRUE
21-07-2023,103,2,73.76,369.460724,TRUE
21-07-2023,104,3,37.73,369.460724,TRUE
21-07-2023,101,3,65.89,369.460724,TRUE
22-07-2023,101,1,64.55,369.460724,TRUE
22-07-2023,102,1,59.01,369.460724,TRUE
22-07-2023,103,1,38.72,369.460724,TRUE
22-07-2023,104,1,56.11,369.460724,TRUE
22-07-2023,101,2,50.49,369.460724,TRUE
22-07-2023,102,2,60.87,369.460724,TRUE
22-07-2023,103,2,101.96,369.460724,TRUE
22-07-2023,104,2,66.57,369.460724,TRUE
22-07-2023,101,3,96.72,369.460724,TRUE
22-07-2023,102,3,82.47,369.460724,TRUE
22-07-2023,103,3,68.18,369.460724,TRUE
22-07-2023,104,3,59.78,369.460724,TRUE
23-07-2023,101,2,116.18,369.460724,TRUE
23-07-2023,101,1,95.1,369.460724,TRUE
23-07-2023,102,1,76.93,369.460724,TRUE
23-07-2023,103,1,48.38,369.460724,TRUE
23-07-2023,104,1,93.97,369.460724,TRUE
23-07-2023,102,2,71.26,369.460724,TRUE
23-07-2023,103,2,104.27,369.460724,TRUE
23-07-2023,101,3,35.67,369.460724,TRUE
23-07-2023,102,3,36.23,369.460724,TRUE
23-07-2023,103,3,49.67,369.460724,TRUE
23-07-2023,104,3,68.19,369.460724,TRUE
23-07-2023,104,2,96.15,369.460724,TRUE
24-07-2023,104,1,117.58,369.460724,TRUE
24-07-2023,101,1,79.99,369.460724,TRUE
24-07-2023,102,1,72.21,369.460724,TRUE
24-07-2023,103,1,132.43,369.460724,TRUE
24-07-2023,101,2,110.93,369.460724,TRUE
24-07-2023,102,2,83.54,369.460724,TRUE
24-07-2023,103,2,75.87,369.460724,TRUE
24-07-2023,101,3,84.88,369.460724,TRUE
24-07-2023,102,3,77.8,369.460724,TRUE
24-07-2023,103,3,82.95,369.460724,TRUE
24-07-2023,104,2,95.11,369.460724,TRUE
24-07-2023,104,3,42.42,369.460724,TRUE
25-07-2023,101,1,79.44,369.460724,TRUE
25-07-2023,102,1,56.6,369.460724,TRUE
25-07-2023,103,1,71.67,369.460724,TRUE
25-07-2023,104,1,91.81,369.460724,TRUE
25-07-2023,101,2,46.08,369.460724,TRUE
25-07-2023,102,2,97.66,369.460724,TRUE
25-07-2023,103,2,50.81,369.460724,TRUE
25-07-2023,104,2,71.81,369.460724,TRUE
25-07-2023,101,3,60.72,369.460724,TRUE
25-07-2023,102,3,79.96,369.460724,TRUE
25-07-2023,103,3,88.62,369.460724,TRUE
25-07-2023,104,3,52.14,369.460724,TRUE
26-07-2023,101,1,28.94,369.460724,TRUE
26-07-2023,102,1,48.67,369.460724,TRUE
26-07-2023,103,1,19.02,369.460724,TRUE
26-07-2023,104,1,60.66,369.460724,TRUE
26-07-2023,101,2,55.59,369.460724,TRUE
26-07-2023,102,2,55.66,369.460724,TRUE
26-07-2023,103,2,94.38,369.460724,TRUE
26-07-2023,104,2,81.6,369.460724,TRUE
26-07-2023,101,3,64.22,369.460724,TRUE
26-07-2023,102,3,56.45,369.460724,TRUE
26-07-2023,103,3,78.16,369.460724,TRUE
26-07-2023,104,3,70.37,369.460724,TRUE
27-07-2023,101,1,85.84,369.460724,TRUE
27-07-2023,102,1,42.71,369.460724,TRUE
27-07-2023,103,1,55.62,369.460724,TRUE
27-07-2023,104,1,37.37,369.460724,TRUE
27-07-2023,101,2,73.26,369.460724,TRUE
27-07-2023,102,2,58.71,369.460724,TRUE
27-07-2023,103,2,72.9,369.460724,TRUE
27-07-2023,104,2,37.23,369.460724,TRUE
27-07-2023,101,3,71.75,369.460724,TRUE
27-07-2023,102,3,71.41,369.460724,TRUE
27-07-2023,103,3,26.8,369.460724,TRUE
27-07-2023,104,3,69.19,369.460724,TRUE
28-07-2023,101,2,28.55,369.460724,TRUE
28-07-2023,101,1,38.59,369.460724,TRUE
28-07-2023,102,1,79.65,369.460724,TRUE
28-07-2023,103,1,74.96,369.460724,TRUE
28-07-2023,104,1,68.61,369.460724,TRUE
28-07-2023,102,2,21.1,369.460724,TRUE
28-07-2023,103,2,60.07,369.460724,TRUE
28-07-2023,101,3,82.93,369.460724,TRUE
28-07-2023,102,3,33.36,369.460724,TRUE
28-07-2023,103,3,79.07,369.460724,TRUE
28-07-2023,104,3,93.17,369.460724,TRUE
28-07-2023,104,2,101.03,369.460724,TRUE
29-07-2023,101,1,74.87,369.460724,TRUE
29-07-2023,104,1,63.04,369.460724,TRUE
29-07-2023,102,2,73.6,369.460724,TRUE
29-07-2023,102,1,83.81,369.460724,TRUE
29-07-2023,101,2,67.59,369.460724,TRUE
29-07-2023,103,1,64.53,369.460724,TRUE
29-07-2023,103,2,83.66,369.460724,TRUE
29-07-2023,104,2,71.5,369.460724,TRUE
29-07-2023,103,3,91.71,369.460724,TRUE
29-07-2023,104,3,88.36,369.460724,TRUE
29-07-2023,101,3,67.71,369.460724,TRUE
29-07-2023,102,3,75.99,369.460724,TRUE
30-07-2023,101,1,109.65,369.460724,TRUE
30-07-2023,102,1,73.44,369.460724,TRUE
30-07-2023,103,1,93.91,369.460724,TRUE
30-07-2023,104,1,107.7,369.460724,TRUE
30-07-2023,101,2,98.95,369.460724,TRUE
30-07-2023,102,2,87.23,369.460724,TRUE
30-07-2023,103,2,88.49,369.460724,TRUE
30-07-2023,104,2,125.7,369.460724,TRUE
30-07-2023,101,3,90.99,369.460724,TRUE
30-07-2023,102,3,113.82,369.460724,TRUE
30-07-2023,103,3,68.85,369.460724,TRUE
30-07-2023,104,3,101.95,369.460724,TRUE
31-07-2023,102,1,82.91,369.460724,TRUE
31-07-2023,101,2,81.74,369.460724,TRUE
31-07-2023,101,1,66.71,369.460724,TRUE
31-07-2023,103,1,94.43,369.460724,TRUE
31-07-2023,104,1,81.62,369.460724,TRUE
31-07-2023,102,2,92.35,369.460724,TRUE
31-07-2023,103,2,62.01,369.460724,TRUE
31-07-2023,101,3,44.91,369.460724,TRUE
31-07-2023,102,3,56.34,369.460724,TRUE
31-07-2023,104,3,62.02,369.460724,TRUE
31-07-2023,104,2,69.84,369.460724,TRUE
31-07-2023,103,3,93.63,369.460724,TRUE
01-08-2023,101,2,82.08,369.460724,TRUE
01-08-2023,102,2,86.6,369.460724,TRUE
01-08-2023,101,1,70.16,369.460724,TRUE
01-08-2023,102,1,45.2,369.460724,TRUE
01-08-2023,103,1,79.44,369.460724,TRUE
01-08-2023,104,1,91.73,369.460724,TRUE
01-08-2023,104,2,86.18,369.460724,TRUE
01-08-2023,102,3,112.62,369.460724,TRUE
01-08-2023,103,3,75.76,369.460724,TRUE
01-08-2023,103,2,70.66,369.460724,TRUE
01-08-2023,104,3,90.52,369.460724,TRUE
01-08-2023,101,3,55.77,369.460724,TRUE
02-08-2023,101,1,53.03,369.460724,TRUE
02-08-2023,102,1,77.61,369.460724,TRUE
02-08-2023,103,1,85.84,369.460724,TRUE
02-08-2023,104,1,82.37,369.460724,TRUE
02-08-2023,101,2,92.77,369.460724,TRUE
02-08-2023,102,2,89.13,369.460724,TRUE
02-08-2023,103,2,107.78,369.460724,TRUE
02-08-2023,104,2,69.92,369.460724,TRUE
02-08-2023,101,3,64.01,369.460724,TRUE
02-08-2023,102,3,59.91,369.460724,TRUE
02-08-2023,103,3,52.4,369.460724,TRUE
02-08-2023,104,3,64.97,369.460724,TRUE
03-08-2023,101,2,90.74,369.460724,TRUE
03-08-2023,101,1,64.2,369.460724,TRUE
03-08-2023,102,1,39.01,369.460724,TRUE
03-08-2023,103,1,33.07,369.460724,TRUE
03-08-2023,104,1,71.16,369.460724,TRUE
03-08-2023,102,2,101.09,369.460724,TRUE
03-08-2023,103,2,47.39,369.460724,TRUE
03-08-2023,101,3,51.91,369.460724,TRUE
03-08-2023,102,3,68.51,369.460724,TRUE
03-08-2023,103,3,65,369.460724,TRUE
03-08-2023,104,3,64.39,369.460724,TRUE
03-08-2023,104,2,54.65,369.460724,TRUE
04-08-2023,101,1,90.8,369.460724,TRUE
04-08-2023,104,1,33.44,369.460724,TRUE
04-08-2023,102,2,57.75,369.460724,TRUE
04-08-2023,102,1,77.55,369.460724,TRUE
04-08-2023,101,2,98.01,369.460724,TRUE
04-08-2023,103,1,74.86,369.460724,TRUE
04-08-2023,103,2,94.45,369.460724,TRUE
04-08-2023,104,2,84.82,369.460724,TRUE
04-08-2023,103,3,75.67,369.460724,TRUE
04-08-2023,104,3,103.34,369.460724,TRUE
04-08-2023,101,3,31.39,369.460724,TRUE
04-08-2023,102,3,98.57,369.460724,TRUE
05-08-2023,102,2,72.24,369.460724,TRUE
05-08-2023,101,1,66.84,369.460724,TRUE
05-08-2023,102,1,70.07,369.460724,TRUE
05-08-2023,103,1,92.88,369.460724,TRUE
05-08-2023,101,2,78.95,369.460724,TRUE
05-08-2023,104,1,60.45,369.460724,TRUE
05-08-2023,103,2,81.22,369.460724,TRUE
05-08-2023,101,3,59.31,369.460724,TRUE
05-08-2023,102,3,63.82,369.460724,TRUE
05-08-2023,103,3,37.82,369.460724,TRUE
05-08-2023,104,3,51.94,369.460724,TRUE
05-08-2023,104,2,73.14,369.460724,TRUE
06-08-2023,101,2,114.13,369.460724,TRUE
06-08-2023,101,1,49.33,369.460724,TRUE
06-08-2023,102,2,46.13,369.460724,TRUE
06-08-2023,103,1,74.99,369.460724,TRUE
06-08-2023,104,1,79.56,369.460724,TRUE
06-08-2023,102,1,51.45,369.460724,TRUE
06-08-2023,103,3,88.39,369.460724,TRUE
06-08-2023,101,3,49.43,369.460724,TRUE
06-08-2023,102,3,107.52,369.460724,TRUE
06-08-2023,104,3,42.26,369.460724,TRUE
06-08-2023,104,2,93.34,369.460724,TRUE
06-08-2023,103,2,84.09,369.460724,TRUE
07-08-2023,103,1,108.3,369.460724,TRUE
07-08-2023,104,1,89.9,369.460724,TRUE
07-08-2023,102,2,91.02,369.460724,TRUE
07-08-2023,102,1,69.15,369.460724,TRUE
07-08-2023,101,2,62.9,369.460724,TRUE
07-08-2023,101,1,62.92,369.460724,TRUE
07-08-2023,103,2,90.76,369.460724,TRUE
07-08-2023,104,3,64.62,369.460724,TRUE
07-08-2023,103,3,96.28,369.460724,TRUE
07-08-2023,104,2,46.89,369.460724,TRUE
07-08-2023,101,3,94.23,369.460724,TRUE
07-08-2023,102,3,91.61,369.460724,TRUE
08-08-2023,101,1,82.54,369.460724,TRUE
08-08-2023,102,1,91.17,369.460724,TRUE
08-08-2023,103,1,83.51,369.460724,TRUE
08-08-2023,104,1,57.33,369.460724,TRUE
08-08-2023,101,2,73.94,369.460724,TRUE
08-08-2023,102,2,80.86,369.460724,TRUE
08-08-2023,103,2,78.94,369.460724,TRUE
08-08-2023,104,2,66.94,369.460724,TRUE
08-08-2023,101,3,50.14,369.460724,TRUE
08-08-2023,102,3,109.93,369.460724,TRUE
08-08-2023,103,3,56.56,369.460724,TRUE
08-08-2023,104,3,73.54,369.460724,TRUE
09-08-2023,102,1,50.2,369.460724,TRUE
09-08-2023,101,2,47.41,369.460724,TRUE
09-08-2023,101,1,79.59,369.460724,TRUE
09-08-2023,103,1,88,369.460724,TRUE
09-08-2023,104,1,62.99,369.460724,TRUE
09-08-2023,102,2,63.82,369.460724,TRUE
09-08-2023,103,2,38.79,369.460724,TRUE
09-08-2023,101,3,88.71,369.460724,TRUE
09-08-2023,102,3,89.08,369.460724,TRUE
09-08-2023,104,3,60.08,369.460724,TRUE
09-08-2023,104,2,60.84,369.460724,TRUE
09-08-2023,103,3,78.47,369.460724,TRUE
10-08-2023,102,1,75.77,369.460724,TRUE
10-08-2023,102,2,41.38,369.460724,TRUE
10-08-2023,103,1,39.75,369.460724,TRUE
10-08-2023,101,2,55.77,369.460724,TRUE
10-08-2023,101,1,68.3,369.460724,TRUE
10-08-2023,104,1,40.55,369.460724,TRUE
10-08-2023,104,2,53.23,369.460724,TRUE
10-08-2023,102,3,81.64,369.460724,TRUE
10-08-2023,104,3,32.91,369.460724,TRUE
10-08-2023,101,3,79.09,369.460724,TRUE
10-08-2023,103,3,100.85,369.460724,TRUE
10-08-2023,103,2,56.16,369.460724,TRUE
11-08-2023,102,2,41.91,369.460724,TRUE
11-08-2023,101,1,50.21,369.460724,TRUE
11-08-2023,102,1,70.99,369.460724,TRUE
11-08-2023,103,1,60.38,369.460724,TRUE
11-08-2023,101,2,30.77,369.460724,TRUE
11-08-2023,104,1,86.11,369.460724,TRUE
11-08-2023,103,2,91.33,369.460724,TRUE
11-08-2023,101,3,35.44,369.460724,TRUE
11-08-2023,102,3,31.28,369.460724,TRUE
11-08-2023,103,3,51.09,369.460724,TRUE
11-08-2023,104,3,51.29,369.460724,TRUE
11-08-2023,104,2,50.72,369.460724,TRUE
12-08-2023,101,2,55.36,369.460724,TRUE
12-08-2023,102,2,54.67,369.460724,TRUE
12-08-2023,101,1,64.05,369.460724,TRUE
12-08-2023,103,1,53.98,369.460724,TRUE
12-08-2023,104,1,67.22,369.460724,TRUE
12-08-2023,102,1,51.85,369.460724,TRUE
12-08-2023,103,3,75.62,369.460724,TRUE
12-08-2023,101,3,66.36,369.460724,TRUE
12-08-2023,102,3,61.76,369.460724,TRUE
12-08-2023,104,3,63.04,369.460724,TRUE
12-08-2023,103,2,53.83,369.460724,TRUE
12-08-2023,104,2,45.49,369.460724,TRUE
13-08-2023,102,2,106.99,369.460724,TRUE
13-08-2023,101,2,73.12,369.460724,TRUE
13-08-2023,101,1,86.09,369.460724,TRUE
13-08-2023,102,1,65.96,369.460724,TRUE
13-08-2023,103,1,38.9,369.460724,TRUE
13-08-2023,104,1,46.64,369.460724,TRUE
13-08-2023,104,2,66.97,369.460724,TRUE
13-08-2023,102,3,64.33,369.460724,TRUE
13-08-2023,103,3,100.01,369.460724,TRUE
13-08-2023,104,3,79.17,369.460724,TRUE
13-08-2023,103,2,72.34,369.460724,TRUE
13-08-2023,101,3,91.41,369.460724,TRUE
14-08-2023,101,1,52.27,369.460724,TRUE
14-08-2023,102,1,109.77,369.460724,TRUE
14-08-2023,103,1,87.14,369.460724,TRUE
14-08-2023,104,1,65.57,369.460724,TRUE
14-08-2023,101,2,74.62,369.460724,TRUE
14-08-2023,102,2,94.88,369.460724,TRUE
14-08-2023,103,2,91.73,369.460724,TRUE
14-08-2023,104,2,114.53,369.460724,TRUE
14-08-2023,101,3,64.44,369.460724,TRUE
14-08-2023,102,3,103.58,369.460724,TRUE
14-08-2023,103,3,65.06,369.460724,TRUE
14-08-2023,104,3,105.95,369.460724,TRUE
15-08-2023,101,2,50.22,369.460724,TRUE
15-08-2023,101,1,97.65,369.460724,TRUE
15-08-2023,102,1,96.21,369.460724,TRUE
15-08-2023,103,1,85.32,369.460724,TRUE
15-08-2023,104,1,94.37,369.460724,TRUE
15-08-2023,102,2,55.21,369.460724,TRUE
15-08-2023,103,2,70.23,369.460724,TRUE
15-08-2023,101,3,82.52,369.460724,TRUE
15-08-2023,102,3,68.87,369.460724,TRUE
15-08-2023,103,3,52.26,369.460724,TRUE
15-08-2023,104,3,75.41,369.460724,TRUE
15-08-2023,104,2,72.42,369.460724,TRUE
16-08-2023,101,1,59.06,369.460724,TRUE
16-08-2023,104,1,50.4,369.460724,TRUE
16-08-2023,102,2,58.89,369.460724,TRUE
16-08-2023,102,1,52.98,369.460724,TRUE
16-08-2023,101,2,80.23,369.460724,TRUE
16-08-2023,103,1,27.63,369.460724,TRUE
16-08-2023,103,2,33.19,369.460724,TRUE
16-08-2023,104,2,40.9,369.460724,TRUE
16-08-2023,103,3,58.87,369.460724,TRUE
16-08-2023,104,3,42.82,369.460724,TRUE
16-08-2023,101,3,52,369.460724,TRUE
16-08-2023,102,3,78.79,369.460724,TRUE
17-08-2023,102,2,66.82,369.460724,TRUE
17-08-2023,101,1,96.65,369.460724,TRUE
17-08-2023,102,1,37.33,369.460724,TRUE
17-08-2023,103,1,38.49,369.460724,TRUE
17-08-2023,101,2,74.78,369.460724,TRUE
17-08-2023,104,1,68.73,369.460724,TRUE
17-08-2023,103,2,78.58,369.460724,TRUE
17-08-2023,101,3,61.16,369.460724,TRUE
17-08-2023,102,3,40.88,369.460724,TRUE
17-08-2023,103,3,61.63,369.460724,TRUE
17-08-2023,104,3,66.29,369.460724,TRUE
17-08-2023,104,2,57.46,369.460724,TRUE
18-08-2023,101,2,69.88,369.460724,TRUE
18-08-2023,102,2,74.14,369.460724,TRUE
18-08-2023,101,1,93.46,369.460724,TRUE
18-08-2023,103,1,67.83,369.460724,TRUE
18-08-2023,104,1,89.91,369.460724,TRUE
18-08-2023,102,1,43.2,369.460724,TRUE
18-08-2023,104,3,18.78,369.460724,TRUE
18-08-2023,101,3,83.54,369.460724,TRUE
18-08-2023,102,3,67.06,369.460724,TRUE
18-08-2023,103,3,62.92,369.460724,TRUE
18-08-2023,104,2,59.29,369.460724,TRUE
18-08-2023,103,2,14.32,369.460724,TRUE
19-08-2023,104,1,66.83,369.460724,TRUE
19-08-2023,101,1,82.42,369.460724,TRUE
19-08-2023,102,1,88.05,369.460724,TRUE
19-08-2023,103,1,76.42,369.460724,TRUE
19-08-2023,101,2,71.58,369.460724,TRUE
19-08-2023,102,2,67.05,369.460724,TRUE
19-08-2023,103,2,103.45,369.460724,TRUE
19-08-2023,104,2,64.11,369.460724,TRUE
19-08-2023,102,3,59,369.460724,TRUE
19-08-2023,103,3,61.9,369.460724,TRUE
19-08-2023,104,3,64.97,369.460724,TRUE
19-08-2023,101,3,43.54,369.460724,TRUE
20-08-2023,101,1,64.68,369.460724,TRUE
20-08-2023,102,1,84.91,369.460724,TRUE
20-08-2023,103,1,51.06,369.460724,TRUE
20-08-2023,104,1,115.6,369.460724,TRUE
20-08-2023,101,2,74.34,369.460724,TRUE
20-08-2023,102,2,96.42,369.460724,TRUE
20-08-2023,103,2,53.41,369.460724,TRUE
20-08-2023,104,2,94,369.460724,TRUE
20-08-2023,101,3,109.91,369.460724,TRUE
20-08-2023,102,3,73.19,369.460724,TRUE
20-08-2023,103,3,69.19,369.460724,TRUE
20-08-2023,104,3,104.51,369.460724,TRUE
21-08-2023,101,2,63.77,369.460724,TRUE
21-08-2023,101,1,55.52,369.460724,TRUE
21-08-2023,102,1,103.49,369.460724,TRUE
21-08-2023,103,1,74.18,369.460724,TRUE
21-08-2023,104,1,42.91,369.460724,TRUE
21-08-2023,102,2,122.33,369.460724,TRUE
21-08-2023,103,2,61.45,369.460724,TRUE
21-08-2023,101,3,53.2,369.460724,TRUE
21-08-2023,102,3,64.03,369.460724,TRUE
21-08-2023,103,3,62.06,369.460724,TRUE
21-08-2023,104,3,54.73,369.460724,TRUE
21-08-2023,104,2,105.55,369.460724,TRUE
22-08-2023,101,2,74.05,369.460724,TRUE
22-08-2023,101,1,70.09,369.460724,TRUE
22-08-2023,102,2,55.18,369.460724,TRUE
22-08-2023,103,1,28.16,369.460724,TRUE
22-08-2023,104,1,46.58,369.460724,TRUE
22-08-2023,102,1,104.61,369.460724,TRUE
22-08-2023,104,3,47.55,369.460724,TRUE
22-08-2023,101,3,52.61,369.460724,TRUE
22-08-2023,102,3,64.95,369.460724,TRUE
22-08-2023,103,3,37.99,369.460724,TRUE
22-08-2023,103,2,91.49,369.460724,TRUE
22-08-2023,104,2,38.8,369.460724,TRUE
23-08-2023,101,1,80.92,369.460724,TRUE
23-08-2023,102,1,20.07,369.460724,TRUE
23-08-2023,103,1,35.08,369.460724,TRUE
23-08-2023,104,1,71.63,369.460724,TRUE
23-08-2023,101,2,42.45,369.460724,TRUE
23-08-2023,102,2,36.76,369.460724,TRUE
23-08-2023,103,2,76.87,369.460724,TRUE
23-08-2023,104,2,28.65,369.460724,TRUE
23-08-2023,101,3,88.81,369.460724,TRUE
23-08-2023,102,3,72.41,369.460724,TRUE
23-08-2023,103,3,47.09,369.460724,TRUE
23-08-2023,104,3,17.49,369.460724,TRUE
24-08-2023,101,1,56.11,369.460724,TRUE
24-08-2023,102,1,25.3,369.460724,TRUE
24-08-2023,103,1,50.41,369.460724,TRUE
24-08-2023,104,1,29,369.460724,TRUE
24-08-2023,101,2,40.46,369.460724,TRUE
24-08-2023,102,2,50.31,369.460724,TRUE
24-08-2023,103,2,21.63,369.460724,TRUE
24-08-2023,104,2,78.59,369.460724,TRUE
24-08-2023,101,3,51.79,369.460724,TRUE
24-08-2023,102,3,84.91,369.460724,TRUE
24-08-2023,103,3,55.96,369.460724,TRUE
24-08-2023,104,3,40.2,369.460724,TRUE
25-08-2023,101,1,71.47,369.460724,TRUE
25-08-2023,102,1,43.29,369.460724,TRUE
25-08-2023,103,1,36.37,369.460724,TRUE
25-08-2023,104,1,82.03,369.460724,TRUE
25-08-2023,101,2,77.52,369.460724,TRUE
25-08-2023,102,2,88.6,369.460724,TRUE
25-08-2023,103,2,66.52,369.460724,TRUE
25-08-2023,104,2,53.76,369.460724,TRUE
25-08-2023,101,3,32.27,369.460724,TRUE
25-08-2023,102,3,60.44,369.460724,TRUE
25-08-2023,103,3,92.41,369.460724,TRUE
25-08-2023,104,3,109.21,369.460724,TRUE
26-08-2023,101,2,59.71,369.460724,TRUE
26-08-2023,101,1,61.91,369.460724,TRUE
26-08-2023,102,1,75.55,369.460724,TRUE
26-08-2023,103,1,101.11,369.460724,TRUE
26-08-2023,104,1,59.42,369.460724,TRUE
26-08-2023,102,2,64.66,369.460724,TRUE
26-08-2023,103,2,67.53,369.460724,TRUE
26-08-2023,101,3,39.24,369.460724,TRUE
26-08-2023,102,3,60.62,369.460724,TRUE
26-08-2023,103,3,42.23,369.460724,TRUE
26-08-2023,104,3,62.41,369.460724,TRUE
26-08-2023,104,2,53.87,369.460724,TRUE
27-08-2023,104,1,45.65,369.460724,TRUE
27-08-2023,101,1,84.22,369.460724,TRUE
27-08-2023,102,1,93.5,369.460724,TRUE
27-08-2023,103,1,48.71,369.460724,TRUE
27-08-2023,101,2,102.54,369.460724,TRUE
27-08-2023,102,2,70.84,369.460724,TRUE
27-08-2023,103,2,77.72,369.460724,TRUE
27-08-2023,101,3,79.01,369.460724,TRUE
27-08-2023,102,3,79.91,369.460724,TRUE
27-08-2023,103,3,77.18,369.460724,TRUE
27-08-2023,104,2,81.37,369.460724,TRUE
27-08-2023,104,3,88.75,369.460724,TRUE
28-08-2023,101,1,110.6,369.460724,TRUE
28-08-2023,102,2,63.41,369.460724,TRUE
28-08-2023,103,1,95.86,369.460724,TRUE
28-08-2023,104,1,94.99,369.460724,TRUE
28-08-2023,101,2,76.3,369.460724,TRUE
28-08-2023,102,1,105.13,369.460724,TRUE
28-08-2023,103,3,49.67,369.460724,TRUE
28-08-2023,104,2,80.43,369.460724,TRUE
28-08-2023,101,3,67.31,369.460724,TRUE
28-08-2023,102,3,88.13,369.460724,TRUE
28-08-2023,103,2,80.83,369.460724,TRUE
28-08-2023,104,3,69.07,369.460724,TRUE
29-08-2023,102,2,47.38,369.460724,TRUE
29-08-2023,101,1,69.42,369.460724,TRUE
29-08-2023,102,1,80.02,369.460724,TRUE
29-08-2023,103,1,44.83,369.460724,TRUE
29-08-2023,104,1,56.91,369.460724,TRUE
29-08-2023,101,2,76.85,369.460724,TRUE
29-08-2023,104,2,85.96,369.460724,TRUE
29-08-2023,101,3,39.84,369.460724,TRUE
29-08-2023,102,3,56.78,369.460724,TRUE
29-08-2023,103,3,75.28,369.460724,TRUE
29-08-2023,104,3,55.95,369.460724,TRUE
29-08-2023,103,2,70.14,369.460724,TRUE
30-08-2023,101,2,68.05,369.460724,TRUE
30-08-2023,102,2,75.85,369.460724,TRUE
30-08-2023,102,1,49.29,369.460724,TRUE
30-08-2023,103,1,93.03,369.460724,TRUE
30-08-2023,104,1,71.15,369.460724,TRUE
30-08-2023,101,1,82.6,369.460724,TRUE
30-08-2023,104,2,56.31,369.460724,TRUE
30-08-2023,101,3,41.24,369.460724,TRUE
30-08-2023,102,3,64.65,369.460724,TRUE
30-08-2023,103,3,54.45,369.460724,TRUE
30-08-2023,104,3,77.12,369.460724,TRUE
30-08-2023,103,2,71.95,369.460724,TRUE
31-08-2023,101,2,35.21,369.460724,TRUE
31-08-2023,102,2,37.25,369.460724,TRUE
31-08-2023,102,1,30.52,369.460724,TRUE
31-08-2023,103,1,35.16,369.460724,TRUE
31-08-2023,104,1,59.14,369.460724,TRUE
31-08-2023,101,1,70.54,369.460724,TRUE
31-08-2023,104,2,68.38,369.460724,TRUE
31-08-2023,101,3,26.66,369.460724,TRUE
31-08-2023,102,3,60.45,369.460724,TRUE
31-08-2023,103,3,48.44,369.460724,TRUE
31-08-2023,104,3,98.91,369.460724,TRUE
31-08-2023,103,2,46.6,369.460724,TRUE
01-09-2023,102,2,54.42,369.460724,TRUE
01-09-2023,101,1,41.83,369.460724,TRUE
01-09-2023,102,1,76.58,369.460724,TRUE
01-09-2023,103,1,52,369.460724,TRUE
01-09-2023,104,1,68.08,369.460724,TRUE
01-09-2023,101,2,59.17,369.460724,TRUE
01-09-2023,104,2,77.57,369.460724,TRUE
01-09-2023,101,3,100.61,369.460724,TRUE
01-09-2023,102,3,48,369.460724,TRUE
01-09-2023,103,3,72.66,369.460724,TRUE
01-09-2023,104,3,63.15,369.460724,TRUE
01-09-2023,103,2,94.24,369.460724,TRUE
02-09-2023,101,2,71.96,369.460724,TRUE
02-09-2023,101,1,58.55,369.460724,TRUE
02-09-2023,102,1,67.24,369.460724,TRUE
02-09-2023,103,1,72.57,369.460724,TRUE
02-09-2023,104,1,66.86,369.460724,TRUE
02-09-2023,102,2,93.16,369.460724,TRUE
02-09-2023,103,2,56.85,369.460724,TRUE
02-09-2023,101,3,60.72,369.460724,TRUE
02-09-2023,102,3,41.83,369.460724,TRUE
02-09-2023,103,3,50.15,369.460724,TRUE
02-09-2023,104,3,53.45,369.460724,TRUE
02-09-2023,104,2,56.54,369.460724,TRUE
03-09-2023,102,2,75.32,369.460724,TRUE
03-09-2023,102,1,69.95,369.460724,TRUE
03-09-2023,103,1,46.26,369.460724,TRUE
03-09-2023,104,1,64.36,369.460724,TRUE
03-09-2023,101,2,81.53,369.460724,TRUE
03-09-2023,101,1,58.15,369.460724,TRUE
03-09-2023,104,3,92.75,369.460724,TRUE
03-09-2023,104,2,68.34,369.460724,TRUE
03-09-2023,101,3,102.96,369.460724,TRUE
03-09-2023,102,3,124.98,369.460724,TRUE
03-09-2023,103,3,77.29,369.460724,TRUE
03-09-2023,103,2,65.73,369.460724,TRUE
04-09-2023,101,1,65.1,369.460724,TRUE
04-09-2023,102,1,55.23,369.460724,TRUE
04-09-2023,103,1,45.79,369.460724,TRUE
04-09-2023,104,1,104.19,369.460724,TRUE
04-09-2023,101,2,54.6,369.460724,TRUE
04-09-2023,102,2,76.92,369.460724,TRUE
04-09-2023,103,2,86.4,369.460724,TRUE
04-09-2023,104,2,110.06,369.460724,TRUE
04-09-2023,101,3,89.27,369.460724,TRUE
04-09-2023,102,3,118.24,369.460724,TRUE
04-09-2023,103,3,72.05,369.460724,TRUE
04-09-2023,104,3,49.42,369.460724,TRUE
05-09-2023,102,2,72.52,369.460724,TRUE
05-09-2023,101,1,90.8,369.460724,TRUE
05-09-2023,102,1,74.86,369.460724,TRUE
05-09-2023,103,1,85.36,369.460724,TRUE
05-09-2023,104,1,91.89,369.460724,TRUE
05-09-2023,101,2,54.26,369.460724,TRUE
05-09-2023,104,2,48.64,369.460724,TRUE
05-09-2023,101,3,97.13,369.460724,TRUE
05-09-2023,102,3,94.93,369.460724,TRUE
05-09-2023,103,3,67.69,369.460724,TRUE
05-09-2023,104,3,79.67,369.460724,TRUE
05-09-2023,103,2,74.2,369.460724,TRUE
06-09-2023,102,2,78.67,369.460724,TRUE
06-09-2023,102,1,26.94,369.460724,TRUE
06-09-2023,103,1,71.97,369.460724,TRUE
06-09-2023,104,1,99.29,369.460724,TRUE
06-09-2023,101,2,82.34,369.460724,TRUE
06-09-2023,101,1,70.98,369.460724,TRUE
06-09-2023,104,3,60.23,369.460724,TRUE
06-09-2023,104,2,63.25,369.460724,TRUE
06-09-2023,101,3,66.08,369.460724,TRUE
06-09-2023,102,3,62.8,369.460724,TRUE
06-09-2023,103,3,35.42,369.460724,TRUE
06-09-2023,103,2,73.52,369.460724,TRUE
07-09-2023,102,2,82.95,369.460724,TRUE
07-09-2023,101,1,60.4,369.460724,TRUE
07-09-2023,102,1,48.57,369.460724,TRUE
07-09-2023,103,1,27.16,369.460724,TRUE
07-09-2023,104,1,90.94,369.460724,TRUE
07-09-2023,101,2,93.53,369.460724,TRUE
07-09-2023,104,2,80.95,369.460724,TRUE
07-09-2023,101,3,48.89,369.460724,TRUE
07-09-2023,102,3,46.9,369.460724,TRUE
07-09-2023,103,3,85.94,369.460724,TRUE
07-09-2023,104,3,73.39,369.460724,TRUE
07-09-2023,103,2,90.64,369.460724,TRUE
08-09-2023,101,2,54.3,369.460724,TRUE
08-09-2023,101,1,56.19,369.460724,TRUE
08-09-2023,102,1,62.67,369.460724,TRUE
08-09-2023,103,1,43.34,369.460724,TRUE
08-09-2023,104,1,26.37,369.460724,TRUE
08-09-2023,102,2,53.34,369.460724,TRUE
08-09-2023,103,2,59.9,369.460724,TRUE
08-09-2023,101,3,69.66,369.460724,TRUE
08-09-2023,102,3,64.26,369.460724,TRUE
08-09-2023,103,3,72.27,369.460724,TRUE
08-09-2023,104,3,49.27,369.460724,TRUE
08-09-2023,104,2,62.52,369.460724,TRUE
09-09-2023,101,1,46.17,369.460724,TRUE
09-09-2023,102,1,57.67,369.460724,TRUE
09-09-2023,103,1,98.73,369.460724,TRUE
09-09-2023,104,1,85.68,369.460724,TRUE
09-09-2023,101,2,72.04,369.460724,TRUE
09-09-2023,102,2,76.45,369.460724,TRUE
09-09-2023,103,2,53.79,369.460724,TRUE
09-09-2023,104,2,99.37,369.460724,TRUE
09-09-2023,101,3,62.22,369.460724,TRUE
09-09-2023,102,3,103.76,369.460724,TRUE
09-09-2023,103,3,41.91,369.460724,TRUE
09-09-2023,104,3,123.98,369.460724,TRUE
10-09-2023,101,1,77.38,369.460724,TRUE
10-09-2023,102,1,89.06,369.460724,TRUE
10-09-2023,103,1,53.63,369.460724,TRUE
10-09-2023,104,1,85.24,369.460724,TRUE
10-09-2023,101,2,55.32,369.460724,TRUE
10-09-2023,102,2,100.53,369.460724,TRUE
10-09-2023,103,2,102.51,369.460724,TRUE
10-09-2023,104,2,95.82,369.460724,TRUE
10-09-2023,101,3,104.43,369.460724,TRUE
10-09-2023,102,3,42.8,369.460724,TRUE
10-09-2023,103,3,65.76,369.460724,TRUE
10-09-2023,104,3,115.62,369.460724,TRUE
11-09-2023,101,1,75.97,369.460724,TRUE
11-09-2023,102,1,53.66,369.460724,TRUE
11-09-2023,103,1,90.44,369.460724,TRUE
11-09-2023,104,1,60.25,369.460724,TRUE
11-09-2023,101,2,86.68,369.460724,TRUE
11-09-2023,102,2,101.47,369.460724,TRUE
11-09-2023,103,2,98.22,369.460724,TRUE
11-09-2023,104,2,38.57,369.460724,TRUE
11-09-2023,101,3,83.71,369.460724,TRUE
11-09-2023,102,3,48.54,369.460724,TRUE
11-09-2023,103,3,104.03,369.460724,TRUE
11-09-2023,104,3,77.12,369.460724,TRUE
12-09-2023,101,2,79.4,369.460724,TRUE
12-09-2023,101,1,67.54,369.460724,TRUE
12-09-2023,102,1,85.18,369.460724,TRUE
12-09-2023,103,1,94.97,369.460724,TRUE
12-09-2023,104,1,107.56,369.460724,TRUE
12-09-2023,102,2,82.34,369.460724,TRUE
12-09-2023,103,2,71.95,369.460724,TRUE
12-09-2023,101,3,69.04,369.460724,TRUE
12-09-2023,102,3,99.82,369.460724,TRUE
12-09-2023,103,3,33.85,369.460724,TRUE
12-09-2023,104,3,63.1,369.460724,TRUE
12-09-2023,104,2,75.21,369.460724,TRUE
13-09-2023,101,1,96.82,369.460724,TRUE
13-09-2023,104,1,71.58,369.460724,TRUE
13-09-2023,102,2,51.99,369.460724,TRUE
13-09-2023,102,1,35.3,369.460724,TRUE
13-09-2023,101,2,106.19,369.460724,TRUE
13-09-2023,103,1,38.93,369.460724,TRUE
13-09-2023,103,2,65.32,369.460724,TRUE
13-09-2023,104,2,77.19,369.460724,TRUE
13-09-2023,103,3,89.03,369.460724,TRUE
13-09-2023,104,3,26.38,369.460724,TRUE
13-09-2023,101,3,88.09,369.460724,TRUE
13-09-2023,102,3,52.75,369.460724,TRUE
14-09-2023,101,1,83.44,369.460724,TRUE
14-09-2023,102,1,57.43,369.460724,TRUE
14-09-2023,103,1,53.54,369.460724,TRUE
14-09-2023,104,1,71.3,369.460724,TRUE
14-09-2023,101,2,52.13,369.460724,TRUE
14-09-2023,102,2,64.66,369.460724,TRUE
14-09-2023,103,2,33.26,369.460724,TRUE
14-09-2023,104,2,16.32,369.460724,TRUE
14-09-2023,101,3,49.72,369.460724,TRUE
14-09-2023,102,3,39.45,369.460724,TRUE
14-09-2023,103,3,67.57,369.460724,TRUE
14-09-2023,104,3,68.72,369.460724,TRUE
15-09-2023,102,1,77.15,369.460724,TRUE
15-09-2023,101,2,76.49,369.460724,TRUE
15-09-2023,101,1,36.34,369.460724,TRUE
15-09-2023,103,1,48.72,369.460724,TRUE
15-09-2023,104,1,83.79,369.460724,TRUE
15-09-2023,102,2,74.3,369.460724,TRUE
15-09-2023,103,2,56.91,369.460724,TRUE
15-09-2023,101,3,89.43,369.460724,TRUE
15-09-2023,102,3,53.47,369.460724,TRUE
15-09-2023,104,3,87.67,369.460724,TRUE
15-09-2023,104,2,58.17,369.460724,TRUE
15-09-2023,103,3,84.89,369.460724,TRUE
16-09-2023,101,2,63.39,369.460724,TRUE
16-09-2023,102,2,101.45,369.460724,TRUE
16-09-2023,101,1,78.11,369.460724,TRUE
16-09-2023,102,1,67.61,369.460724,TRUE
16-09-2023,103,1,98.39,369.460724,TRUE
16-09-2023,104,1,116.02,369.460724,TRUE
16-09-2023,104,2,87.06,369.460724,TRUE
16-09-2023,102,3,99.43,369.460724,TRUE
16-09-2023,103,3,70.4,369.460724,TRUE
16-09-2023,103,2,69.71,369.460724,TRUE
16-09-2023,104,3,86.59,369.460724,TRUE
16-09-2023,101,3,79.46,369.460724,TRUE
17-09-2023,101,1,98.31,369.460724,TRUE
17-09-2023,102,1,91.54,369.460724,TRUE
17-09-2023,103,1,58.59,369.460724,TRUE
17-09-2023,104,1,64.33,369.460724,TRUE
17-09-2023,101,2,81.37,369.460724,TRUE
17-09-2023,102,2,91.48,369.460724,TRUE
17-09-2023,103,2,81.99,369.460724,TRUE
17-09-2023,104,2,60.97,369.460724,TRUE
17-09-2023,101,3,105.96,369.460724,TRUE
17-09-2023,102,3,65.76,369.460724,TRUE
17-09-2023,103,3,55.84,369.460724,TRUE
17-09-2023,104,3,99.76,369.460724,TRUE
18-09-2023,101,2,107.15,369.460724,TRUE
18-09-2023,101,1,90.46,369.460724,TRUE
18-09-2023,102,1,72.02,369.460724,TRUE
18-09-2023,103,1,50.14,369.460724,TRUE
18-09-2023,104,1,43.27,369.460724,TRUE
18-09-2023,102,2,104.57,369.460724,TRUE
18-09-2023,103,2,121.36,369.460724,TRUE
18-09-2023,101,3,53.52,369.460724,TRUE
18-09-2023,102,3,96.69,369.460724,TRUE
18-09-2023,103,3,82.49,369.460724,TRUE
18-09-2023,104,3,99.45,369.460724,TRUE
18-09-2023,104,2,82.27,369.460724,TRUE
19-09-2023,101,1,73.28,369.460724,TRUE
19-09-2023,104,1,82.13,369.460724,TRUE
19-09-2023,102,2,85.19,369.460724,TRUE
19-09-2023,102,1,72.08,369.460724,TRUE
19-09-2023,101,2,65.02,369.460724,TRUE
19-09-2023,103,1,107.05,369.460724,TRUE
19-09-2023,103,2,60.24,369.460724,TRUE
19-09-2023,104,2,88.06,369.460724,TRUE
19-09-2023,103,3,96.04,369.460724,TRUE
19-09-2023,104,3,108.66,369.460724,TRUE
19-09-2023,101,3,90.53,369.460724,TRUE
19-09-2023,102,3,77.29,369.460724,TRUE
20-09-2023,102,2,110.29,369.460724,TRUE
20-09-2023,101,1,71.47,369.460724,TRUE
20-09-2023,102,1,104.8,369.460724,TRUE
20-09-2023,103,1,67.11,369.460724,TRUE
20-09-2023,101,2,76.73,369.460724,TRUE
20-09-2023,104,1,81.42,369.460724,TRUE
20-09-2023,103,2,100.06,369.460724,TRUE
20-09-2023,101,3,62.37,369.460724,TRUE
20-09-2023,102,3,72.19,369.460724,TRUE
20-09-2023,103,3,64.77,369.460724,TRUE
20-09-2023,104,3,87.12,369.460724,TRUE
20-09-2023,104,2,28.77,369.460724,TRUE
21-09-2023,101,2,77.77,369.460724,TRUE
21-09-2023,101,1,9.77,369.460724,TRUE
21-09-2023,102,2,81.63,369.460724,TRUE
21-09-2023,103,1,49.87,369.460724,TRUE
21-09-2023,104,1,68.2,369.460724,TRUE
21-09-2023,102,1,27.71,369.460724,TRUE
21-09-2023,103,3,50.84,369.460724,TRUE
21-09-2023,101,3,69.59,369.460724,TRUE
21-09-2023,102,3,58.9,369.460724,TRUE
21-09-2023,104,3,78.78,369.460724,TRUE
21-09-2023,104,2,55.21,369.460724,TRUE
21-09-2023,103,2,28.33,369.460724,TRUE
22-09-2023,103,1,86.49,369.460724,TRUE
22-09-2023,104,1,34.19,369.460724,TRUE
22-09-2023,102,2,90.82,369.460724,TRUE
22-09-2023,102,1,90.14,369.460724,TRUE
22-09-2023,101,2,111.29,369.460724,TRUE
22-09-2023,101,1,72.04,369.460724,TRUE
22-09-2023,103,2,112.66,369.460724,TRUE
22-09-2023,104,3,63.28,369.460724,TRUE
22-09-2023,103,3,85.63,369.460724,TRUE
22-09-2023,104,2,116.65,369.460724,TRUE
22-09-2023,101,3,83.71,369.460724,TRUE
22-09-2023,102,3,68.26,369.460724,TRUE
23-09-2023,101,1,117.39,369.460724,TRUE
23-09-2023,102,1,61.9,369.460724,TRUE
23-09-2023,103,1,37.66,369.460724,TRUE
23-09-2023,104,1,72.44,369.460724,TRUE
23-09-2023,101,2,63.68,369.460724,TRUE
23-09-2023,102,2,93.26,369.460724,TRUE
23-09-2023,103,2,64.13,369.460724,TRUE
23-09-2023,104,2,48.47,369.460724,TRUE
23-09-2023,101,3,97.38,369.460724,TRUE
23-09-2023,102,3,83.79,369.460724,TRUE
23-09-2023,103,3,74.17,369.460724,TRUE
23-09-2023,104,3,47.45,369.460724,TRUE
24-09-2023,102,1,47.22,369.460724,TRUE
24-09-2023,101,2,107.1,369.460724,TRUE
24-09-2023,101,1,64.45,369.460724,TRUE
24-09-2023,103,1,101.45,369.460724,TRUE
24-09-2023,104,1,62.93,369.460724,TRUE
24-09-2023,102,2,74.32,369.460724,TRUE
24-09-2023,103,2,113.41,369.460724,TRUE
24-09-2023,101,3,82.51,369.460724,TRUE
24-09-2023,102,3,81.27,369.460724,TRUE
24-09-2023,104,3,67.25,369.460724,TRUE
24-09-2023,104,2,120.59,369.460724,TRUE
24-09-2023,103,3,54.17,369.460724,TRUE
25-09-2023,102,1,76.9,369.460724,TRUE
25-09-2023,102,2,90.62,369.460724,TRUE
25-09-2023,103,1,93.14,369.460724,TRUE
25-09-2023,101,2,84.69,369.460724,TRUE
25-09-2023,101,1,77.31,369.460724,TRUE
25-09-2023,104,1,110.97,369.460724,TRUE
25-09-2023,104,2,92.33,369.460724,TRUE
25-09-2023,102,3,71.06,369.460724,TRUE
25-09-2023,104,3,104.3,369.460724,TRUE
25-09-2023,101,3,89.05,369.460724,TRUE
25-09-2023,103,3,43.25,369.460724,TRUE
25-09-2023,103,2,90.45,369.460724,TRUE
26-09-2023,102,2,88.8,369.460724,TRUE
26-09-2023,101,1,111.27,369.460724,TRUE
26-09-2023,102,1,87.88,369.460724,TRUE
26-09-2023,103,1,115.7,369.460724,TRUE
26-09-2023,101,2,92.38,369.460724,TRUE
26-09-2023,104,1,95.71,369.460724,TRUE
26-09-2023,103,2,96.69,369.460724,TRUE
26-09-2023,101,3,91.18,369.460724,TRUE
26-09-2023,102,3,60.77,369.460724,TRUE
26-09-2023,103,3,78.69,369.460724,TRUE
26-09-2023,104,3,83.75,369.460724,TRUE
26-09-2023,104,2,54.97,369.460724,TRUE
27-09-2023,101,2,66.91,369.460724,TRUE
27-09-2023,102,2,45.5,369.460724,TRUE
27-09-2023,101,1,65.81,369.460724,TRUE
27-09-2023,103,1,78.97,369.460724,TRUE
27-09-2023,104,1,75.29,369.460724,TRUE
27-09-2023,102,1,73.24,369.460724,TRUE
27-09-2023,103,3,61.86,369.460724,TRUE
27-09-2023,101,3,80.38,369.460724,TRUE
27-09-2023,102,3,59.27,369.460724,TRUE
27-09-2023,104,3,38.11,369.460724,TRUE
27-09-2023,103,2,14.65,369.460724,TRUE
27-09-2023,104,2,47.45,369.460724,TRUE
28-09-2023,102,2,106.85,369.460724,TRUE
28-09-2023,101,2,67.28,369.460724,TRUE
28-09-2023,101,1,28.39,369.460724,TRUE
28-09-2023,102,1,104.39,369.460724,TRUE
28-09-2023,103,1,65.03,369.460724,TRUE
28-09-2023,104,1,61.06,369.460724,TRUE
28-09-2023,104,2,53.81,369.460724,TRUE
28-09-2023,102,3,44.25,369.460724,TRUE
28-09-2023,103,3,43.14,369.460724,TRUE
28-09-2023,104,3,72.16,369.460724,TRUE
28-09-2023,103,2,90.89,369.460724,TRUE
28-09-2023,101,3,36.42,369.460724,TRUE
29-09-2023,101,1,76.28,369.460724,TRUE
29-09-2023,102,1,73.38,369.460724,TRUE
29-09-2023,103,1,49.97,369.460724,TRUE
29-09-2023,104,1,54.84,369.460724,TRUE
29-09-2023,101,2,65.71,369.460724,TRUE
29-09-2023,102,2,65.69,369.460724,TRUE
29-09-2023,103,2,64.7,369.460724,TRUE
29-09-2023,104,2,62.34,369.460724,TRUE
29-09-2023,101,3,104.07,369.460724,TRUE
29-09-2023,102,3,72.6,369.460724,TRUE
29-09-2023,103,3,45.46,369.460724,TRUE
29-09-2023,104,3,33.63,369.460724,TRUE
30-09-2023,101,2,58.24,369.460724,TRUE
30-09-2023,101,1,66.38,369.460724,TRUE
30-09-2023,102,1,76.64,369.460724,TRUE
30-09-2023,103,1,81.01,369.460724,TRUE
30-09-2023,104,1,73.86,369.460724,TRUE
30-09-2023,102,2,70.88,369.460724,TRUE
30-09-2023,103,2,91.52,369.460724,TRUE
30-09-2023,101,3,48.42,369.460724,TRUE
30-09-2023,102,3,104.22,369.460724,TRUE
30-09-2023,103,3,38.22,369.460724,TRUE
30-09-2023,104,3,68.82,369.460724,TRUE
30-09-2023,104,2,92.94,369.460724,TRUE
01-10-2023,104,1,46.28,369.460724,TRUE
01-10-2023,101,1,51.61,369.460724,TRUE
01-10-2023,102,1,88.18,369.460724,TRUE
01-10-2023,103,1,103.89,369.460724,TRUE
01-10-2023,101,2,98.75,369.460724,TRUE
01-10-2023,102,2,78.87,369.460724,TRUE
01-10-2023,103,2,71.51,369.460724,TRUE
01-10-2023,101,3,68.59,369.460724,TRUE
01-10-2023,103,3,107.45,369.460724,TRUE
01-10-2023,102,3,63.58,369.460724,TRUE
01-10-2023,104,3,117.36,369.460724,TRUE
01-10-2023,104,2,75.18,369.460724,TRUE
02-10-2023,101,1,88.93,369.460724,TRUE
02-10-2023,102,1,69.7,369.460724,TRUE
02-10-2023,103,1,82.78,369.460724,TRUE
02-10-2023,104,1,114.23,369.460724,TRUE
02-10-2023,101,2,113.12,369.460724,TRUE
02-10-2023,102,2,98.65,369.460724,TRUE
02-10-2023,103,2,47.98,369.460724,TRUE
02-10-2023,104,2,103.52,369.460724,TRUE
02-10-2023,101,3,57.53,369.460724,TRUE
02-10-2023,102,3,68.43,369.460724,TRUE
02-10-2023,103,3,121.48,369.460724,TRUE
02-10-2023,104,3,89.59,369.460724,TRUE
03-10-2023,101,1,79.82,369.460724,TRUE
03-10-2023,102,1,65.28,369.460724,TRUE
03-10-2023,103,1,74.35,369.460724,TRUE
03-10-2023,104,1,95.81,369.460724,TRUE
03-10-2023,101,2,123.82,369.460724,TRUE
03-10-2023,102,2,82.77,369.460724,TRUE
03-10-2023,103,2,62.91,369.460724,TRUE
03-10-2023,104,2,114.01,369.460724,TRUE
03-10-2023,101,3,104.63,369.460724,TRUE
03-10-2023,102,3,57.01,369.460724,TRUE
03-10-2023,103,3,103.53,369.460724,TRUE
03-10-2023,104,3,43.44,369.460724,TRUE
04-10-2023,101,1,73.41,369.460724,TRUE
04-10-2023,102,1,36.96,369.460724,TRUE
04-10-2023,103,1,66.42,369.460724,TRUE
04-10-2023,104,1,77.57,369.460724,TRUE
04-10-2023,101,2,96.74,369.460724,TRUE
04-10-2023,102,2,69.13,369.460724,TRUE
04-10-2023,103,2,44.28,369.460724,TRUE
04-10-2023,104,2,65.4,369.460724,TRUE
04-10-2023,101,3,92.69,369.460724,TRUE
04-10-2023,102,3,96.55,369.460724,TRUE
04-10-2023,103,3,59.94,369.460724,TRUE
04-10-2023,104,3,41.51,369.460724,TRUE
05-10-2023,101,2,65.39,369.460724,TRUE
05-10-2023,101,1,48.22,369.460724,TRUE
05-10-2023,102,1,96.18,369.460724,TRUE
05-10-2023,103,1,94.88,369.460724,TRUE
05-10-2023,104,1,59.9,369.460724,TRUE
05-10-2023,102,2,92.55,369.460724,TRUE
05-10-2023,103,2,63.28,369.460724,TRUE
05-10-2023,101,3,31.38,369.460724,TRUE
05-10-2023,102,3,65.11,369.460724,TRUE
05-10-2023,103,3,64.07,369.460724,TRUE
05-10-2023,104,3,62.7,369.460724,TRUE
05-10-2023,104,2,79.3,369.460724,TRUE
06-10-2023,101,1,56.11,369.460724,TRUE
06-10-2023,104,1,52.93,369.460724,TRUE
06-10-2023,102,2,100.7,369.460724,TRUE
06-10-2023,102,1,68.91,369.460724,TRUE
06-10-2023,101,2,56.13,369.460724,TRUE
06-10-2023,103,1,56.08,369.460724,TRUE
06-10-2023,103,2,71.58,369.460724,TRUE
06-10-2023,104,2,19.74,369.460724,TRUE
06-10-2023,103,3,55.37,369.460724,TRUE
06-10-2023,104,3,25.77,369.460724,TRUE
06-10-2023,101,3,42.79,369.460724,TRUE
06-10-2023,102,3,50.22,369.460724,TRUE
07-10-2023,101,1,50.52,369.460724,TRUE
07-10-2023,102,1,53.77,369.460724,TRUE
07-10-2023,103,1,86.82,369.460724,TRUE
07-10-2023,104,1,101.81,369.460724,TRUE
07-10-2023,101,2,67.82,369.460724,TRUE
07-10-2023,102,2,57.95,369.460724,TRUE
07-10-2023,103,2,63.94,369.460724,TRUE
07-10-2023,104,2,73.79,369.460724,TRUE
07-10-2023,101,3,61.25,369.460724,TRUE
07-10-2023,102,3,68.1,369.460724,TRUE
07-10-2023,103,3,69.74,369.460724,TRUE
07-10-2023,104,3,66.89,369.460724,TRUE
08-10-2023,102,1,65.89,369.460724,TRUE
08-10-2023,101,2,77.88,369.460724,TRUE
08-10-2023,101,1,88.76,369.460724,TRUE
08-10-2023,103,1,80.23,369.460724,TRUE
08-10-2023,104,1,103.93,369.460724,TRUE
08-10-2023,102,2,97.79,369.460724,TRUE
08-10-2023,103,2,74.63,369.460724,TRUE
08-10-2023,101,3,70.39,369.460724,TRUE
08-10-2023,102,3,84.09,369.460724,TRUE
08-10-2023,104,3,79.35,369.460724,TRUE
08-10-2023,104,2,99.69,369.460724,TRUE
08-10-2023,103,3,76.62,369.460724,TRUE
09-10-2023,101,2,117.44,369.460724,TRUE
09-10-2023,102,2,52.03,369.460724,TRUE
09-10-2023,101,1,95.41,369.460724,TRUE
09-10-2023,102,1,112.25,369.460724,TRUE
09-10-2023,103,1,91.29,369.460724,TRUE
09-10-2023,104,1,118.21,369.460724,TRUE
09-10-2023,104,2,68.15,369.460724,TRUE
09-10-2023,102,3,86.7,369.460724,TRUE
09-10-2023,103,3,56.78,369.460724,TRUE
09-10-2023,103,2,83.46,369.460724,TRUE
09-10-2023,104,3,77.81,369.460724,TRUE
09-10-2023,101,3,95.16,369.460724,TRUE
10-10-2023,101,1,86.59,369.460724,TRUE
10-10-2023,102,1,67.03,369.460724,TRUE
10-10-2023,103,1,47.38,369.460724,TRUE
10-10-2023,104,1,71.57,369.460724,TRUE
10-10-2023,101,2,67.73,369.460724,TRUE
10-10-2023,102,2,79.32,369.460724,TRUE
10-10-2023,103,2,66.41,369.460724,TRUE
10-10-2023,104,2,81.85,369.460724,TRUE
10-10-2023,101,3,77.96,369.460724,TRUE
10-10-2023,102,3,54.14,369.460724,TRUE
10-10-2023,103,3,106.45,369.460724,TRUE
10-10-2023,104,3,87.48,369.460724,TRUE
11-10-2023,101,2,20.91,369.460724,TRUE
11-10-2023,101,1,82.88,369.460724,TRUE
11-10-2023,102,1,105.76,369.460724,TRUE
11-10-2023,103,1,48,369.460724,TRUE
11-10-2023,104,1,53.01,369.460724,TRUE
11-10-2023,102,2,73.07,369.460724,TRUE
11-10-2023,103,2,63.11,369.460724,TRUE
11-10-2023,101,3,76.98,369.460724,TRUE
11-10-2023,102,3,77.4,369.460724,TRUE
11-10-2023,103,3,59.06,369.460724,TRUE
11-10-2023,104,3,67.63,369.460724,TRUE
11-10-2023,104,2,51.23,369.460724,TRUE
12-10-2023,101,1,79.89,369.460724,TRUE
12-10-2023,104,1,35.06,369.460724,TRUE
12-10-2023,102,2,76.35,369.460724,TRUE
12-10-2023,102,1,92.73,369.460724,TRUE
12-10-2023,101,2,78.96,369.460724,TRUE
12-10-2023,103,1,57.87,369.460724,TRUE
12-10-2023,103,2,66.71,369.460724,TRUE
12-10-2023,104,2,53.89,369.460724,TRUE
12-10-2023,103,3,75.33,369.460724,TRUE
12-10-2023,104,3,60.95,369.460724,TRUE
12-10-2023,101,3,40.88,369.460724,TRUE
12-10-2023,102,3,66.16,369.460724,TRUE
13-10-2023,102,2,48.61,369.460724,TRUE
13-10-2023,101,1,60.37,369.460724,TRUE
13-10-2023,102,1,100.3,369.460724,TRUE
13-10-2023,103,1,84.92,369.460724,TRUE
13-10-2023,101,2,60.58,369.460724,TRUE
13-10-2023,104,1,45.99,369.460724,TRUE
13-10-2023,103,2,70.59,369.460724,TRUE
13-10-2023,101,3,66.53,369.460724,TRUE
13-10-2023,102,3,81.59,369.460724,TRUE
13-10-2023,103,3,100.62,369.460724,TRUE
13-10-2023,104,3,91.44,369.460724,TRUE
13-10-2023,104,2,72.62,369.460724,TRUE
14-10-2023,101,2,89.55,369.460724,TRUE
14-10-2023,101,1,88.09,369.460724,TRUE
14-10-2023,102,2,59.65,369.460724,TRUE
14-10-2023,103,1,88.1,369.460724,TRUE
14-10-2023,104,1,47.77,369.460724,TRUE
14-10-2023,102,1,104.02,369.460724,TRUE
14-10-2023,103,3,61.03,369.460724,TRUE
14-10-2023,101,3,80.78,369.460724,TRUE
14-10-2023,102,3,56.3,369.460724,TRUE
14-10-2023,104,3,71.54,369.460724,TRUE
14-10-2023,104,2,112.07,369.460724,TRUE
14-10-2023,103,2,42.44,369.460724,TRUE
15-10-2023,103,1,97.7,369.460724,TRUE
15-10-2023,104,1,97.84,369.460724,TRUE
15-10-2023,102,2,59.02,369.460724,TRUE
15-10-2023,102,1,89.06,369.460724,TRUE
15-10-2023,101,2,47.72,369.460724,TRUE
15-10-2023,101,1,48.32,369.460724,TRUE
15-10-2023,103,2,71.38,369.460724,TRUE
15-10-2023,104,3,116.06,369.460724,TRUE
15-10-2023,103,3,64.81,369.460724,TRUE
15-10-2023,104,2,100.37,369.460724,TRUE
15-10-2023,101,3,85.64,369.460724,TRUE
15-10-2023,102,3,85.11,369.460724,TRUE
16-10-2023,101,1,84.78,369.460724,TRUE
16-10-2023,102,1,73.64,369.460724,TRUE
16-10-2023,103,1,105.1,369.460724,TRUE
16-10-2023,104,1,74.45,369.460724,TRUE
16-10-2023,101,2,97.37,369.460724,TRUE
16-10-2023,102,2,73.33,369.460724,TRUE
16-10-2023,103,2,78.45,369.460724,TRUE
16-10-2023,104,2,68.01,369.460724,TRUE
16-10-2023,101,3,120.69,369.460724,TRUE
16-10-2023,102,3,61.75,369.460724,TRUE
16-10-2023,103,3,99.64,369.460724,TRUE
16-10-2023,104,3,94.85,369.460724,TRUE
17-10-2023,102,1,91.49,369.460724,TRUE
17-10-2023,101,2,48.46,369.460724,TRUE
17-10-2023,101,1,89.95,369.460724,TRUE
17-10-2023,103,1,69.87,369.460724,TRUE
17-10-2023,104,1,72.18,369.460724,TRUE
17-10-2023,102,2,92.19,369.460724,TRUE
17-10-2023,103,2,95.64,369.460724,TRUE
17-10-2023,101,3,49.94,369.460724,TRUE
17-10-2023,102,3,101.35,369.460724,TRUE
17-10-2023,104,3,49.3,369.460724,TRUE
17-10-2023,104,2,96.54,369.460724,TRUE
17-10-2023,103,3,91.24,369.460724,TRUE
18-10-2023,102,1,110.07,369.460724,TRUE
18-10-2023,102,2,78.59,369.460724,TRUE
18-10-2023,103,1,32.07,369.460724,TRUE
18-10-2023,101,2,37.01,369.460724,TRUE
18-10-2023,101,1,54.16,369.460724,TRUE
18-10-2023,104,1,75.84,369.460724,TRUE
18-10-2023,104,2,45.67,369.460724,TRUE
18-10-2023,102,3,30.56,369.460724,TRUE
18-10-2023,104,3,17.86,369.460724,TRUE
18-10-2023,101,3,66.21,369.460724,TRUE
18-10-2023,103,3,64.25,369.460724,TRUE
18-10-2023,103,2,35.22,369.460724,TRUE
19-10-2023,101,1,63.16,369.460724,TRUE
19-10-2023,102,1,42.29,369.460724,TRUE
19-10-2023,103,1,92.1,369.460724,TRUE
19-10-2023,104,1,87.96,369.460724,TRUE
19-10-2023,101,2,96.58,369.460724,TRUE
19-10-2023,102,2,75.46,369.460724,TRUE
19-10-2023,103,2,61.48,369.460724,TRUE
19-10-2023,104,2,57.51,369.460724,TRUE
19-10-2023,101,3,67.73,369.460724,TRUE
19-10-2023,102,3,47.29,369.460724,TRUE
19-10-2023,103,3,65.76,369.460724,TRUE
19-10-2023,104,3,42.7,369.460724,TRUE
20-10-2023,102,1,57.52,369.460724,TRUE
20-10-2023,101,2,77.14,369.460724,TRUE
20-10-2023,101,1,86.5,369.460724,TRUE
20-10-2023,103,1,85.27,369.460724,TRUE
20-10-2023,104,1,69.99,369.460724,TRUE
20-10-2023,102,2,54.42,369.460724,TRUE
20-10-2023,103,2,60.64,369.460724,TRUE
20-10-2023,101,3,67.56,369.460724,TRUE
20-10-2023,102,3,69.3,369.460724,TRUE
20-10-2023,104,3,66.4,369.460724,TRUE
20-10-2023,104,2,62.27,369.460724,TRUE
20-10-2023,103,3,39.59,369.460724,TRUE
21-10-2023,102,2,62.86,369.460724,TRUE
21-10-2023,104,1,67.28,369.460724,TRUE
21-10-2023,101,1,86.99,369.460724,TRUE
21-10-2023,102,1,73.43,369.460724,TRUE
21-10-2023,103,1,69.11,369.460724,TRUE
21-10-2023,101,2,81.15,369.460724,TRUE
21-10-2023,101,3,61.87,369.460724,TRUE
21-10-2023,102,3,62.75,369.460724,TRUE
21-10-2023,103,3,71.53,369.460724,TRUE
21-10-2023,104,2,47.31,369.460724,TRUE
21-10-2023,104,3,67.89,369.460724,TRUE
21-10-2023,103,2,45.19,369.460724,TRUE
22-10-2023,101,1,61.53,369.460724,TRUE
22-10-2023,102,1,92.6,369.460724,TRUE
22-10-2023,103,1,93.74,369.460724,TRUE
22-10-2023,104,1,80.09,369.460724,TRUE
22-10-2023,101,2,70.79,369.460724,TRUE
22-10-2023,102,2,77.92,369.460724,TRUE
22-10-2023,103,2,93.37,369.460724,TRUE
22-10-2023,104,2,91.24,369.460724,TRUE
22-10-2023,101,3,76.5,369.460724,TRUE
22-10-2023,102,3,86.58,369.460724,TRUE
22-10-2023,103,3,69.18,369.460724,TRUE
22-10-2023,104,3,54.95,369.460724,TRUE
23-10-2023,101,2,53.9,369.460724,TRUE
23-10-2023,101,1,61.44,369.460724,TRUE
23-10-2023,102,1,48.15,369.460724,TRUE
23-10-2023,103,1,77.4,369.460724,TRUE
23-10-2023,104,1,49.67,369.460724,TRUE
23-10-2023,102,2,90.46,369.460724,TRUE
23-10-2023,103,2,86.5,369.460724,TRUE
23-10-2023,101,3,76.37,369.460724,TRUE
23-10-2023,102,3,81.67,369.460724,TRUE
23-10-2023,103,3,81.4,369.460724,TRUE
23-10-2023,104,3,72.32,369.460724,TRUE
23-10-2023,104,2,86.45,369.460724,TRUE
24-10-2023,101,2,83.14,369.460724,TRUE
24-10-2023,101,1,76.26,369.460724,TRUE
24-10-2023,102,1,80.43,369.460724,TRUE
24-10-2023,103,1,65.69,369.460724,TRUE
24-10-2023,104,1,56.47,369.460724,TRUE
24-10-2023,102,2,76.48,369.460724,TRUE
24-10-2023,103,2,67.62,369.460724,TRUE
24-10-2023,101,3,58.89,369.460724,TRUE
24-10-2023,102,3,70.9,369.460724,TRUE
24-10-2023,103,3,79.31,369.460724,TRUE
24-10-2023,104,3,95.22,369.460724,TRUE
24-10-2023,104,2,91.78,369.460724,TRUE
25-10-2023,102,2,89.82,369.460724,TRUE
25-10-2023,101,1,59.63,369.460724,TRUE
25-10-2023,102,1,66.43,369.460724,TRUE
25-10-2023,103,1,59.25,369.460724,TRUE
25-10-2023,104,1,73.84,369.460724,TRUE
25-10-2023,101,2,81.67,369.460724,TRUE
25-10-2023,104,2,75.22,369.460724,TRUE
25-10-2023,101,3,76.31,369.460724,TRUE
25-10-2023,102,3,66.27,369.460724,TRUE
25-10-2023,103,3,80.13,369.460724,TRUE
25-10-2023,104,3,73.91,369.460724,TRUE
25-10-2023,103,2,85.72,369.460724,TRUE
26-10-2023,101,2,73.89,369.460724,TRUE
26-10-2023,102,2,93.44,369.460724,TRUE
26-10-2023,102,1,83.36,369.460724,TRUE
26-10-2023,103,1,84.19,369.460724,TRUE
26-10-2023,104,1,72.1,369.460724,TRUE
26-10-2023,101,1,87.9,369.460724,TRUE
26-10-2023,104,2,77.22,369.460724,TRUE
26-10-2023,101,3,69.48,369.460724,TRUE
26-10-2023,102,3,46.27,369.460724,TRUE
26-10-2023,103,3,76.1,369.460724,TRUE
26-10-2023,104,3,76.36,369.460724,TRUE
26-10-2023,103,2,30.92,369.460724,TRUE
27-10-2023,101,2,35.67,369.460724,TRUE
27-10-2023,101,1,46.09,369.460724,TRUE
27-10-2023,102,1,53.76,369.460724,TRUE
27-10-2023,103,1,65.39,369.460724,TRUE
27-10-2023,104,1,40.42,369.460724,TRUE
27-10-2023,102,2,75.67,369.460724,TRUE
27-10-2023,103,2,71.72,369.460724,TRUE
27-10-2023,101,3,74.95,369.460724,TRUE
27-10-2023,102,3,64.84,369.460724,TRUE
27-10-2023,103,3,57.77,369.460724,TRUE
27-10-2023,104,3,87.98,369.460724,TRUE
27-10-2023,104,2,48.34,369.460724,TRUE
28-10-2023,101,1,84.21,369.460724,TRUE
28-10-2023,102,1,93.51,369.460724,TRUE
28-10-2023,103,1,80.81,369.460724,TRUE
28-10-2023,104,1,49.67,369.460724,TRUE
28-10-2023,101,2,77.07,369.460724,TRUE
28-10-2023,102,2,49.34,369.460724,TRUE
28-10-2023,103,2,49.51,369.460724,TRUE
28-10-2023,104,2,44.59,369.460724,TRUE
28-10-2023,101,3,78.93,369.460724,TRUE
28-10-2023,102,3,80.38,369.460724,TRUE
28-10-2023,103,3,73.17,369.460724,TRUE
28-10-2023,104,3,46.56,369.460724,TRUE
29-10-2023,101,2,78.53,369.460724,TRUE
29-10-2023,101,1,57.89,369.460724,TRUE
29-10-2023,102,1,51.89,369.460724,TRUE
29-10-2023,103,1,78.56,369.460724,TRUE
29-10-2023,104,1,60.08,369.460724,TRUE
29-10-2023,102,2,96.29,369.460724,TRUE
29-10-2023,103,2,93.01,369.460724,TRUE
29-10-2023,101,3,94.08,369.460724,TRUE
29-10-2023,102,3,81.05,369.460724,TRUE
29-10-2023,103,3,97.08,369.460724,TRUE
29-10-2023,104,3,86.67,369.460724,TRUE
29-10-2023,104,2,88.48,369.460724,TRUE
30-10-2023,104,1,63.23,369.460724,TRUE
30-10-2023,101,1,83.02,369.460724,TRUE
30-10-2023,102,1,76.54,369.460724,TRUE
30-10-2023,103,1,83.37,369.460724,TRUE
30-10-2023,101,2,69.88,369.460724,TRUE
30-10-2023,102,2,82.88,369.460724,TRUE
30-10-2023,103,2,81.18,369.460724,TRUE
30-10-2023,104,2,76.99,369.460724,TRUE
30-10-2023,102,3,97.23,369.460724,TRUE
30-10-2023,103,3,86.09,369.460724,TRUE
30-10-2023,104,3,76.55,369.460724,TRUE
30-10-2023,101,3,96.91,369.460724,TRUE
31-10-2023,101,1,90.43,369.460724,TRUE
31-10-2023,102,1,101.53,369.460724,TRUE
31-10-2023,103,1,92.06,369.460724,TRUE
31-10-2023,104,1,98.85,369.460724,TRUE
31-10-2023,101,2,100.25,369.460724,TRUE
31-10-2023,102,2,83.77,369.460724,TRUE
31-10-2023,103,2,75.2,369.460724,TRUE
31-10-2023,104,2,64.15,369.460724,TRUE
31-10-2023,101,3,57.81,369.460724,TRUE
31-10-2023,102,3,87.75,369.460724,TRUE
31-10-2023,103,3,76.15,369.460724,TRUE
31-10-2023,104,3,60.84,369.460724,TRUE
01-11-2023,101,2,98.67,369.460724,TRUE
01-11-2023,101,1,75.62,369.460724,TRUE
01-11-2023,102,1,94.62,369.460724,TRUE
01-11-2023,103,1,65.06,369.460724,TRUE
01-11-2023,104,1,92.2,369.460724,TRUE
01-11-2023,102,2,81.62,369.460724,TRUE
01-11-2023,103,2,37.04,369.460724,TRUE
01-11-2023,101,3,64.42,369.460724,TRUE
01-11-2023,102,3,38.24,369.460724,TRUE
01-11-2023,103,3,51.09,369.460724,TRUE
01-11-2023,104,3,33.57,369.460724,TRUE
01-11-2023,104,2,32.23,369.460724,TRUE
02-11-2023,101,2,45.21,369.460724,TRUE
02-11-2023,103,2,56.51,369.460724,TRUE
02-11-2023,101,1,53.08,369.460724,TRUE
02-11-2023,102,1,38.98,369.460724,TRUE
02-11-2023,103,1,58.12,369.460724,TRUE
02-11-2023,102,2,67.17,369.460724,TRUE
02-11-2023,102,3,46.94,369.460724,TRUE
02-11-2023,101,3,74.22,369.460724,TRUE
02-11-2023,103,3,68.25,369.460724,TRUE
02-11-2023,104,3,54.6,369.460724,TRUE
02-11-2023,104,2,57.34,369.460724,TRUE
02-11-2023,104,1,35.65,369.460724,TRUE
03-11-2023,102,2,45.03,369.460724,TRUE
03-11-2023,102,1,65.63,369.460724,TRUE
03-11-2023,103,1,62.78,369.460724,TRUE
03-11-2023,104,1,77.99,369.460724,TRUE
03-11-2023,101,2,85.23,369.460724,TRUE
03-11-2023,101,1,67.47,369.460724,TRUE
03-11-2023,103,2,65.52,369.460724,TRUE
03-11-2023,104,2,69.02,369.460724,TRUE
03-11-2023,101,3,89.4,369.460724,TRUE
03-11-2023,102,3,91.48,369.460724,TRUE
03-11-2023,104,3,67.36,369.460724,TRUE
03-11-2023,103,3,57.34,369.460724,TRUE
04-11-2023,102,2,81.79,369.460724,TRUE
04-11-2023,101,1,43.8,369.460724,TRUE
04-11-2023,102,1,66.62,369.460724,TRUE
04-11-2023,103,1,60.9,369.460724,TRUE
04-11-2023,101,2,65.4,369.460724,TRUE
04-11-2023,104,1,60.71,369.460724,TRUE
04-11-2023,101,3,47.42,369.460724,TRUE
04-11-2023,104,2,89.28,369.460724,TRUE
04-11-2023,102,3,65.27,369.460724,TRUE
04-11-2023,103,3,98.12,369.460724,TRUE
04-11-2023,104,3,58.34,369.460724,TRUE
04-11-2023,103,2,81.07,369.460724,TRUE
05-11-2023,104,1,79.08,369.460724,TRUE
05-11-2023,103,1,63.9,369.460724,TRUE
05-11-2023,101,2,65.95,369.460724,TRUE
05-11-2023,102,2,57.12,369.460724,TRUE
05-11-2023,102,1,85.44,369.460724,TRUE
05-11-2023,101,1,75.46,369.460724,TRUE
05-11-2023,101,3,70.15,369.460724,TRUE
05-11-2023,103,3,104.55,369.460724,TRUE
05-11-2023,104,3,88.63,369.460724,TRUE
05-11-2023,104,2,90.21,369.460724,TRUE
05-11-2023,102,3,100.3,369.460724,TRUE
05-11-2023,103,2,67.58,369.460724,TRUE
06-11-2023,101,1,65.46,369.460724,TRUE
06-11-2023,102,1,81.06,369.460724,TRUE
06-11-2023,103,1,84.16,369.460724,TRUE
06-11-2023,104,1,90.19,369.460724,TRUE
06-11-2023,101,2,96.6,369.460724,TRUE
06-11-2023,102,2,92.92,369.460724,TRUE
06-11-2023,103,2,82.75,369.460724,TRUE
06-11-2023,104,2,83.84,369.460724,TRUE
06-11-2023,101,3,79.92,369.460724,TRUE
06-11-2023,102,3,74.76,369.460724,TRUE
06-11-2023,103,3,74.84,369.460724,TRUE
06-11-2023,104,3,72.82,369.460724,TRUE
07-11-2023,101,2,64.42,369.460724,TRUE
07-11-2023,101,1,51.63,369.460724,TRUE
07-11-2023,102,1,69.69,369.460724,TRUE
07-11-2023,103,1,82.73,369.460724,TRUE
07-11-2023,104,1,50.99,369.460724,TRUE
07-11-2023,102,2,54.97,369.460724,TRUE
07-11-2023,103,2,79.1,369.460724,TRUE
07-11-2023,101,3,64.44,369.460724,TRUE
07-11-2023,102,3,49.28,369.460724,TRUE
07-11-2023,103,3,84.65,369.460724,TRUE
07-11-2023,104,3,66.52,369.460724,TRUE
07-11-2023,104,2,81.28,369.460724,TRUE
08-11-2023,103,1,98.9,369.460724,TRUE
08-11-2023,102,2,71.28,369.460724,TRUE
08-11-2023,101,1,105.33,369.460724,TRUE
08-11-2023,102,1,79.33,369.460724,TRUE
08-11-2023,104,1,88.37,369.460724,TRUE
08-11-2023,101,2,101.68,369.460724,TRUE
08-11-2023,104,2,106.47,369.460724,TRUE
08-11-2023,102,3,78.89,369.460724,TRUE
08-11-2023,103,3,77.72,369.460724,TRUE
08-11-2023,104,3,94.58,369.460724,TRUE
08-11-2023,101,3,55.97,369.460724,TRUE
08-11-2023,103,2,71.6,369.460724,TRUE
09-11-2023,102,2,82.62,369.460724,TRUE
09-11-2023,101,1,77.74,369.460724,TRUE
09-11-2023,103,1,82.89,369.460724,TRUE
09-11-2023,104,1,67.75,369.460724,TRUE
09-11-2023,101,2,69.12,369.460724,TRUE
09-11-2023,102,1,51.69,369.460724,TRUE
09-11-2023,103,2,59.63,369.460724,TRUE
09-11-2023,104,2,68.37,369.460724,TRUE
09-11-2023,101,3,55.7,369.460724,TRUE
09-11-2023,103,3,63.29,369.460724,TRUE
09-11-2023,104,3,86.13,369.460724,TRUE
09-11-2023,102,3,82.09,369.460724,TRUE
10-11-2023,102,2,76.05,369.460724,TRUE
10-11-2023,101,1,44.88,369.460724,TRUE
10-11-2023,102,1,86.54,369.460724,TRUE
10-11-2023,103,1,71.34,369.460724,TRUE
10-11-2023,101,2,79.64,369.460724,TRUE
10-11-2023,104,1,58.79,369.460724,TRUE
10-11-2023,101,3,58.38,369.460724,TRUE
10-11-2023,104,2,72.61,369.460724,TRUE
10-11-2023,102,3,48.65,369.460724,TRUE
10-11-2023,103,3,77.22,369.460724,TRUE
10-11-2023,104,3,67.36,369.460724,TRUE
10-11-2023,103,2,68.77,369.460724,TRUE
11-11-2023,104,1,86.59,369.460724,TRUE
11-11-2023,103,1,87,369.460724,TRUE
11-11-2023,101,2,70.17,369.460724,TRUE
11-11-2023,102,2,48.49,369.460724,TRUE
11-11-2023,102,1,83.23,369.460724,TRUE
11-11-2023,101,1,69.15,369.460724,TRUE
11-11-2023,101,3,55.34,369.460724,TRUE
11-11-2023,103,3,63.06,369.460724,TRUE
11-11-2023,104,3,61.76,369.460724,TRUE
11-11-2023,104,2,72.4,369.460724,TRUE
11-11-2023,102,3,69.38,369.460724,TRUE
11-11-2023,103,2,88.64,369.460724,TRUE
12-11-2023,102,2,69.6,369.460724,TRUE
12-11-2023,101,1,90.12,369.460724,TRUE
12-11-2023,102,1,63.54,369.460724,TRUE
12-11-2023,103,1,82.16,369.460724,TRUE
12-11-2023,104,1,97.62,369.460724,TRUE
12-11-2023,101,2,86.02,369.460724,TRUE
12-11-2023,104,2,101.77,369.460724,TRUE
12-11-2023,101,3,111.97,369.460724,TRUE
12-11-2023,102,3,93.12,369.460724,TRUE
12-11-2023,103,3,77.5,369.460724,TRUE
12-11-2023,104,3,73.22,369.460724,TRUE
12-11-2023,103,2,85.8,369.460724,TRUE
13-11-2023,101,2,95.74,369.460724,TRUE
13-11-2023,102,2,79.86,369.460724,TRUE
13-11-2023,102,1,73.83,369.460724,TRUE
13-11-2023,103,1,66.82,369.460724,TRUE
13-11-2023,104,1,62.37,369.460724,TRUE
13-11-2023,101,1,53.38,369.460724,TRUE
13-11-2023,104,2,76.52,369.460724,TRUE
13-11-2023,101,3,79.07,369.460724,TRUE
13-11-2023,102,3,55.94,369.460724,TRUE
13-11-2023,103,3,99.05,369.460724,TRUE
13-11-2023,104,3,86.01,369.460724,TRUE
13-11-2023,103,2,62.2,369.460724,TRUE
14-11-2023,101,2,79.12,369.460724,TRUE
14-11-2023,102,2,103.05,369.460724,TRUE
14-11-2023,102,1,68.9,369.460724,TRUE
14-11-2023,103,1,98.76,369.460724,TRUE
14-11-2023,104,1,84.8,369.460724,TRUE
14-11-2023,101,1,92.66,369.460724,TRUE
14-11-2023,104,2,105.04,369.460724,TRUE
14-11-2023,101,3,95.07,369.460724,TRUE
14-11-2023,102,3,81.59,369.460724,TRUE
14-11-2023,103,3,86.54,369.460724,TRUE
14-11-2023,104,3,82.17,369.460724,TRUE
14-11-2023,103,2,98.73,369.460724,TRUE
15-11-2023,102,2,69.97,369.460724,TRUE
15-11-2023,101,1,80.17,369.460724,TRUE
15-11-2023,102,1,43.09,369.460724,TRUE
15-11-2023,103,1,58.36,369.460724,TRUE
15-11-2023,104,1,41.15,369.460724,TRUE
15-11-2023,101,2,70.72,369.460724,TRUE
15-11-2023,104,2,56.74,369.460724,TRUE
15-11-2023,101,3,36.47,369.460724,TRUE
15-11-2023,102,3,67.32,369.460724,TRUE
15-11-2023,103,3,43.31,369.460724,TRUE
15-11-2023,104,3,54.37,369.460724,TRUE
15-11-2023,103,2,54.63,369.460724,TRUE
16-11-2023,101,2,63.17,369.460724,TRUE
16-11-2023,101,1,75.02,369.460724,TRUE
16-11-2023,102,1,52.35,369.460724,TRUE
16-11-2023,102,2,78.3,369.460724,TRUE
16-11-2023,104,1,52.3,369.460724,TRUE
16-11-2023,103,1,69.97,369.460724,TRUE
16-11-2023,102,3,62.53,369.460724,TRUE
16-11-2023,101,3,62.82,369.460724,TRUE
16-11-2023,104,3,52.45,369.460724,TRUE
16-11-2023,103,3,57.48,369.460724,TRUE
16-11-2023,104,2,50.89,369.460724,TRUE
16-11-2023,103,2,48.99,369.460724,TRUE
17-11-2023,102,2,71.69,369.460724,TRUE
17-11-2023,101,1,65.2,369.460724,TRUE
17-11-2023,102,1,59.22,369.460724,TRUE
17-11-2023,103,1,71.65,369.460724,TRUE
17-11-2023,104,1,56.13,369.460724,TRUE
17-11-2023,101,2,36.01,369.460724,TRUE
17-11-2023,104,2,42.33,369.460724,TRUE
17-11-2023,101,3,53.8,369.460724,TRUE
17-11-2023,102,3,38.76,369.460724,TRUE
17-11-2023,103,3,64.39,369.460724,TRUE
17-11-2023,104,3,35.07,369.460724,TRUE
17-11-2023,103,2,64.86,369.460724,TRUE
18-11-2023,101,2,55.6,369.460724,TRUE
18-11-2023,102,2,53.11,369.460724,TRUE
18-11-2023,102,1,92.69,369.460724,TRUE
18-11-2023,103,1,65.91,369.460724,TRUE
18-11-2023,104,1,71.31,369.460724,TRUE
18-11-2023,101,1,77.29,369.460724,TRUE
18-11-2023,104,2,87.08,369.460724,TRUE
18-11-2023,101,3,62.51,369.460724,TRUE
18-11-2023,102,3,76.68,369.460724,TRUE
18-11-2023,103,3,56.82,369.460724,TRUE
18-11-2023,104,3,64.79,369.460724,TRUE
18-11-2023,103,2,46.75,369.460724,TRUE
19-11-2023,101,2,63.23,369.460724,TRUE
19-11-2023,101,1,94.06,369.460724,TRUE
19-11-2023,102,1,84.99,369.460724,TRUE
19-11-2023,103,1,82.14,369.460724,TRUE
19-11-2023,104,1,94.6,369.460724,TRUE
19-11-2023,102,2,88.92,369.460724,TRUE
19-11-2023,103,2,104.05,369.460724,TRUE
19-11-2023,101,3,89.73,369.460724,TRUE
19-11-2023,102,3,79.33,369.460724,TRUE
19-11-2023,103,3,94.99,369.460724,TRUE
19-11-2023,104,3,96.05,369.460724,TRUE
19-11-2023,104,2,102.43,369.460724,TRUE
20-11-2023,101,1,71.94,369.460724,TRUE
20-11-2023,102,1,71.66,369.460724,TRUE
20-11-2023,103,1,80.45,369.460724,TRUE
20-11-2023,104,1,103.88,369.460724,TRUE
20-11-2023,101,2,93.05,369.460724,TRUE
20-11-2023,102,2,93.23,369.460724,TRUE
20-11-2023,103,2,77.85,369.460724,TRUE
20-11-2023,104,2,97.78,369.460724,TRUE
20-11-2023,101,3,88.32,369.460724,TRUE
20-11-2023,102,3,100.86,369.460724,TRUE
20-11-2023,103,3,95.6,369.460724,TRUE
20-11-2023,104,3,72.56,369.460724,TRUE
21-11-2023,101,2,65.64,369.460724,TRUE
21-11-2023,101,1,67.94,369.460724,TRUE
21-11-2023,102,1,87.01,369.460724,TRUE
21-11-2023,103,1,68.37,369.460724,TRUE
21-11-2023,104,1,50.18,369.460724,TRUE
21-11-2023,102,2,70.81,369.460724,TRUE
21-11-2023,103,2,74.73,369.460724,TRUE
21-11-2023,101,3,78.54,369.460724,TRUE
21-11-2023,102,3,62.8,369.460724,TRUE
21-11-2023,103,3,64.52,369.460724,TRUE
21-11-2023,104,3,87.74,369.460724,TRUE
21-11-2023,104,2,64.95,369.460724,TRUE
22-11-2023,104,1,75.7,369.460724,TRUE
22-11-2023,101,1,61.81,369.460724,TRUE
22-11-2023,102,1,69.03,369.460724,TRUE
22-11-2023,103,1,81.01,369.460724,TRUE
22-11-2023,101,2,99.87,369.460724,TRUE
22-11-2023,102,2,69.11,369.460724,TRUE
22-11-2023,103,2,85.07,369.460724,TRUE
22-11-2023,104,2,58.54,369.460724,TRUE
22-11-2023,102,3,70.47,369.460724,TRUE
22-11-2023,103,3,88.33,369.460724,TRUE
22-11-2023,104,3,67.49,369.460724,TRUE
22-11-2023,101,3,80.29,369.460724,TRUE
23-11-2023,101,1,74.05,369.460724,TRUE
23-11-2023,102,1,82.8,369.460724,TRUE
23-11-2023,103,1,94.42,369.460724,TRUE
23-11-2023,104,1,70.82,369.460724,TRUE
23-11-2023,101,2,79.59,369.460724,TRUE
23-11-2023,102,2,72.19,369.460724,TRUE
23-11-2023,103,2,50.83,369.460724,TRUE
23-11-2023,104,2,57.38,369.460724,TRUE
23-11-2023,101,3,65.89,369.460724,TRUE
23-11-2023,102,3,64.02,369.460724,TRUE
23-11-2023,103,3,47.36,369.460724,TRUE
23-11-2023,104,3,74.08,369.460724,TRUE
24-11-2023,101,2,83.31,369.460724,TRUE
24-11-2023,101,1,70.39,369.460724,TRUE
24-11-2023,102,1,84.31,369.460724,TRUE
24-11-2023,103,1,44.7,369.460724,TRUE
24-11-2023,104,1,48.56,369.460724,TRUE
24-11-2023,102,2,63.25,369.460724,TRUE
24-11-2023,103,2,45.66,369.460724,TRUE
24-11-2023,101,3,51.96,369.460724,TRUE
24-11-2023,102,3,52.33,369.460724,TRUE
24-11-2023,103,3,70.65,369.460724,TRUE
24-11-2023,104,3,79.3,369.460724,TRUE
24-11-2023,104,2,70.43,369.460724,TRUE
25-11-2023,101,2,62.79,369.460724,TRUE
25-11-2023,103,2,63.38,369.460724,TRUE
25-11-2023,101,1,81.93,369.460724,TRUE
25-11-2023,102,1,71.36,369.460724,TRUE
25-11-2023,103,1,94.66,369.460724,TRUE
25-11-2023,102,2,50.81,369.460724,TRUE
25-11-2023,102,3,83.87,369.460724,TRUE
25-11-2023,101,3,98.66,369.460724,TRUE
25-11-2023,103,3,75.57,369.460724,TRUE
25-11-2023,104,3,67.93,369.460724,TRUE
25-11-2023,104,2,69.83,369.460724,TRUE
25-11-2023,104,1,57.85,369.460724,TRUE
26-11-2023,102,2,92.95,369.460724,TRUE
26-11-2023,102,1,97.77,369.460724,TRUE
26-11-2023,103,1,85.93,369.460724,TRUE
26-11-2023,104,1,58.12,369.460724,TRUE
26-11-2023,101,2,93.22,369.460724,TRUE
26-11-2023,101,1,91.8,369.460724,TRUE
26-11-2023,103,2,94.83,369.460724,TRUE
26-11-2023,104,2,84.71,369.460724,TRUE
26-11-2023,101,3,97.34,369.460724,TRUE
26-11-2023,102,3,82.86,369.460724,TRUE
26-11-2023,104,3,77.84,369.460724,TRUE
26-11-2023,103,3,97.94,369.460724,TRUE
27-11-2023,102,2,58.15,369.460724,TRUE
27-11-2023,101,1,82.56,369.460724,TRUE
27-11-2023,102,1,70.3,369.460724,TRUE
27-11-2023,103,1,56.58,369.460724,TRUE
27-11-2023,101,2,89.23,369.460724,TRUE
27-11-2023,104,1,69.64,369.460724,TRUE
27-11-2023,101,3,83.8,369.460724,TRUE
27-11-2023,104,2,80.34,369.460724,TRUE
27-11-2023,102,3,53.52,369.460724,TRUE
27-11-2023,103,3,50.88,369.460724,TRUE
27-11-2023,104,3,64.76,369.460724,TRUE
27-11-2023,103,2,57.6,369.460724,TRUE
28-11-2023,104,1,88.49,369.460724,TRUE
28-11-2023,103,1,74.87,369.460724,TRUE
28-11-2023,101,2,76.74,369.460724,TRUE
28-11-2023,102,2,74.44,369.460724,TRUE
28-11-2023,102,1,64.47,369.460724,TRUE
28-11-2023,101,1,79.9,369.460724,TRUE
28-11-2023,101,3,83.37,369.460724,TRUE
28-11-2023,103,3,80.47,369.460724,TRUE
28-11-2023,104,3,69.1,369.460724,TRUE
28-11-2023,104,2,63.14,369.460724,TRUE
28-11-2023,102,3,75.24,369.460724,TRUE
28-11-2023,103,2,69.34,369.460724,TRUE
29-11-2023,101,1,61.2,369.460724,TRUE
29-11-2023,102,1,99.17,369.460724,TRUE
29-11-2023,103,1,90.71,369.460724,TRUE
29-11-2023,104,1,61.29,369.460724,TRUE
29-11-2023,101,2,94.45,369.460724,TRUE
29-11-2023,102,2,77.17,369.460724,TRUE
29-11-2023,103,2,72.95,369.460724,TRUE
29-11-2023,104,2,67.52,369.460724,TRUE
29-11-2023,101,3,90.28,369.460724,TRUE
29-11-2023,102,3,59.53,369.460724,TRUE
29-11-2023,103,3,75.71,369.460724,TRUE
29-11-2023,104,3,66.47,369.460724,TRUE
30-11-2023,101,2,65.18,369.460724,TRUE
30-11-2023,101,1,94.79,369.460724,TRUE
30-11-2023,102,1,82.49,369.460724,TRUE
30-11-2023,103,1,80.49,369.460724,TRUE
30-11-2023,104,1,79.53,369.460724,TRUE
30-11-2023,102,2,81.24,369.460724,TRUE
30-11-2023,103,2,66.29,369.460724,TRUE
30-11-2023,101,3,78.43,369.460724,TRUE
30-11-2023,102,3,82,369.460724,TRUE
30-11-2023,103,3,53.84,369.460724,TRUE
30-11-2023,104,3,72.38,369.460724,TRUE
30-11-2023,104,2,78.53,369.460724,TRUE
01-12-2023,103,1,85.02,369.460724,TRUE
01-12-2023,102,2,84.64,369.460724,TRUE
01-12-2023,101,1,66.05,369.460724,TRUE
01-12-2023,102,1,81.45,369.460724,TRUE
01-12-2023,104,1,79.83,369.460724,TRUE
01-12-2023,101,2,70.81,369.460724,TRUE
01-12-2023,104,2,53.41,369.460724,TRUE
01-12-2023,102,3,57.57,369.460724,TRUE
01-12-2023,103,3,87.88,369.460724,TRUE
01-12-2023,104,3,77.44,369.460724,TRUE
01-12-2023,101,3,60.84,369.460724,TRUE
01-12-2023,103,2,100.79,369.460724,TRUE
02-12-2023,102,2,97.01,369.460724,TRUE
02-12-2023,101,1,89.83,369.460724,TRUE
02-12-2023,103,1,65.38,369.460724,TRUE
02-12-2023,104,1,55.84,369.460724,TRUE
02-12-2023,101,2,65.99,369.460724,TRUE
02-12-2023,102,1,71.65,369.460724,TRUE
02-12-2023,103,2,58.69,369.460724,TRUE
02-12-2023,104,2,83.07,369.460724,TRUE
02-12-2023,101,3,83.47,369.460724,TRUE
02-12-2023,103,3,77.14,369.460724,TRUE
02-12-2023,104,3,58.52,369.460724,TRUE
02-12-2023,102,3,73.22,369.460724,TRUE
03-12-2023,102,2,71.86,369.460724,TRUE
03-12-2023,101,1,93.43,369.460724,TRUE
03-12-2023,102,1,95.73,369.460724,TRUE
03-12-2023,103,1,78.17,369.460724,TRUE
03-12-2023,101,2,92.18,369.460724,TRUE
03-12-2023,104,1,73.38,369.460724,TRUE
03-12-2023,101,3,89.05,369.460724,TRUE
03-12-2023,104,2,82.11,369.460724,TRUE
03-12-2023,102,3,87.23,369.460724,TRUE
03-12-2023,103,3,84.91,369.460724,TRUE
03-12-2023,104,3,82.95,369.460724,TRUE
03-12-2023,103,2,82.28,369.460724,TRUE
04-12-2023,104,1,92.34,369.460724,TRUE
04-12-2023,103,1,81.87,369.460724,TRUE
04-12-2023,101,2,73.53,369.460724,TRUE
04-12-2023,102,2,101.04,369.460724,TRUE
04-12-2023,102,1,103.08,369.460724,TRUE
04-12-2023,101,1,104.61,369.460724,TRUE
04-12-2023,101,3,78.95,369.460724,TRUE
04-12-2023,103,3,72.83,369.460724,TRUE
04-12-2023,104,3,75.68,369.460724,TRUE
04-12-2023,104,2,91.69,369.460724,TRUE
04-12-2023,102,3,81.45,369.460724,TRUE
04-12-2023,103,2,92.7,369.460724,TRUE
05-12-2023,102,2,89.45,369.460724,TRUE
05-12-2023,101,1,60.82,369.460724,TRUE
05-12-2023,102,1,64.98,369.460724,TRUE
05-12-2023,103,1,74.45,369.460724,TRUE
05-12-2023,104,1,92.02,369.460724,TRUE
05-12-2023,101,2,85.39,369.460724,TRUE
05-12-2023,104,2,55.63,369.460724,TRUE
05-12-2023,101,3,59.73,369.460724,TRUE
05-12-2023,102,3,68.31,369.460724,TRUE
05-12-2023,103,3,65.21,369.460724,TRUE
05-12-2023,104,3,72.34,369.460724,TRUE
05-12-2023,103,2,57.61,369.460724,TRUE
06-12-2023,101,2,71.73,369.460724,TRUE
06-12-2023,102,2,54.29,369.460724,TRUE
06-12-2023,102,1,53.02,369.460724,TRUE
06-12-2023,103,1,55.99,369.460724,TRUE
06-12-2023,104,1,55.37,369.460724,TRUE
06-12-2023,101,1,43.34,369.460724,TRUE
06-12-2023,104,2,51.83,369.460724,TRUE
06-12-2023,101,3,77.58,369.460724,TRUE
06-12-2023,102,3,63.61,369.460724,TRUE
06-12-2023,103,3,79.02,369.460724,TRUE
06-12-2023,104,3,80.69,369.460724,TRUE
06-12-2023,103,2,74.73,369.460724,TRUE
07-12-2023,101,2,58.32,369.460724,TRUE
07-12-2023,102,2,75.6,369.460724,TRUE
07-12-2023,102,1,80.15,369.460724,TRUE
07-12-2023,103,1,52.79,369.460724,TRUE
07-12-2023,104,1,73.44,369.460724,TRUE
07-12-2023,101,1,51.25,369.460724,TRUE
07-12-2023,104,2,53.03,369.460724,TRUE
07-12-2023,101,3,64.39,369.460724,TRUE
07-12-2023,102,3,44.87,369.460724,TRUE
07-12-2023,103,3,65.31,369.460724,TRUE
07-12-2023,104,3,69.06,369.460724,TRUE
07-12-2023,103,2,53.18,369.460724,TRUE
08-12-2023,102,2,58.35,369.460724,TRUE
08-12-2023,101,1,74.33,369.460724,TRUE
08-12-2023,102,1,97.22,369.460724,TRUE
08-12-2023,103,1,71.3,369.460724,TRUE
08-12-2023,104,1,78.69,369.460724,TRUE
08-12-2023,101,2,88.98,369.460724,TRUE
08-12-2023,104,2,60.9,369.460724,TRUE
08-12-2023,101,3,70.84,369.460724,TRUE
08-12-2023,102,3,68.43,369.460724,TRUE
08-12-2023,103,3,71.54,369.460724,TRUE
08-12-2023,104,3,49.97,369.460724,TRUE
08-12-2023,103,2,92.78,369.460724,TRUE
09-12-2023,101,2,74.79,369.460724,TRUE
09-12-2023,101,1,70.87,369.460724,TRUE
09-12-2023,102,1,68.5,369.460724,TRUE
09-12-2023,103,1,87.11,369.460724,TRUE
09-12-2023,102,2,71.85,369.460724,TRUE
09-12-2023,104,1,85.57,369.460724,TRUE
09-12-2023,101,3,58.45,369.460724,TRUE
09-12-2023,104,3,66.96,369.460724,TRUE
09-12-2023,102,3,62.54,369.460724,TRUE
09-12-2023,103,3,87.7,369.460724,TRUE
09-12-2023,104,2,77.07,369.460724,TRUE
09-12-2023,103,2,84.17,369.460724,TRUE
10-12-2023,101,1,65.81,369.460724,TRUE
10-12-2023,102,1,58.53,369.460724,TRUE
10-12-2023,103,1,99.31,369.460724,TRUE
10-12-2023,104,1,68.12,369.460724,TRUE
10-12-2023,101,2,102.09,369.460724,TRUE
10-12-2023,102,2,101.33,369.460724,TRUE
10-12-2023,103,2,86.06,369.460724,TRUE
10-12-2023,104,2,74.67,369.460724,TRUE
10-12-2023,101,3,114.44,369.460724,TRUE
10-12-2023,102,3,109.19,369.460724,TRUE
10-12-2023,103,3,105.44,369.460724,TRUE
10-12-2023,104,3,100.67,369.460724,TRUE
11-12-2023,101,1,66.15,369.460724,TRUE
11-12-2023,102,1,69.96,369.460724,TRUE
11-12-2023,103,1,72.11,369.460724,TRUE
11-12-2023,104,1,89.86,369.460724,TRUE
11-12-2023,101,2,71.38,369.460724,TRUE
11-12-2023,102,2,47.24,369.460724,TRUE
11-12-2023,103,2,91.17,369.460724,TRUE
11-12-2023,104,2,79.95,369.460724,TRUE
11-12-2023,101,3,69.32,369.460724,TRUE
11-12-2023,102,3,63.44,369.460724,TRUE
11-12-2023,103,3,96.22,369.460724,TRUE
11-12-2023,104,3,102.65,369.460724,TRUE
12-12-2023,101,1,85.33,369.460724,TRUE
12-12-2023,102,1,90.84,369.460724,TRUE
12-12-2023,103,1,85.21,369.460724,TRUE
12-12-2023,104,1,80.97,369.460724,TRUE
12-12-2023,101,2,59.22,369.460724,TRUE
12-12-2023,102,2,71.51,369.460724,TRUE
12-12-2023,103,2,79.96,369.460724,TRUE
12-12-2023,104,2,76.69,369.460724,TRUE
12-12-2023,101,3,77.63,369.460724,TRUE
12-12-2023,102,3,68.62,369.460724,TRUE
12-12-2023,103,3,66.35,369.460724,TRUE
12-12-2023,104,3,79.33,369.460724,TRUE
13-12-2023,101,2,88.7,369.460724,TRUE
13-12-2023,101,1,73.8,369.460724,TRUE
13-12-2023,102,1,76.27,369.460724,TRUE
13-12-2023,103,1,73.51,369.460724,TRUE
13-12-2023,104,1,38.09,369.460724,TRUE
13-12-2023,102,2,64.7,369.460724,TRUE
13-12-2023,103,2,59.16,369.460724,TRUE
13-12-2023,101,3,59.62,369.460724,TRUE
13-12-2023,102,3,65.32,369.460724,TRUE
13-12-2023,103,3,58.37,369.460724,TRUE
13-12-2023,104,3,77.15,369.460724,TRUE
13-12-2023,104,2,71.02,369.460724,TRUE
14-12-2023,101,1,57.01,369.460724,TRUE
14-12-2023,104,1,82.2,369.460724,TRUE
14-12-2023,102,2,71.1,369.460724,TRUE
14-12-2023,102,1,55.32,369.460724,TRUE
14-12-2023,101,2,72.21,369.460724,TRUE
14-12-2023,103,1,54.44,369.460724,TRUE
14-12-2023,103,2,84.86,369.460724,TRUE
14-12-2023,104,2,42.82,369.460724,TRUE
14-12-2023,103,3,55.03,369.460724,TRUE
14-12-2023,104,3,59.97,369.460724,TRUE
14-12-2023,101,3,60.83,369.460724,TRUE
14-12-2023,102,3,70.94,369.460724,TRUE
15-12-2023,101,1,108.19,369.460724,TRUE
15-12-2023,102,1,92.77,369.460724,TRUE
15-12-2023,103,1,85.9,369.460724,TRUE
15-12-2023,104,1,61.5,369.460724,TRUE
15-12-2023,101,2,83.69,369.460724,TRUE
15-12-2023,102,2,77.34,369.460724,TRUE
15-12-2023,103,2,88.27,369.460724,TRUE
15-12-2023,104,2,31.23,369.460724,TRUE
15-12-2023,101,3,50.02,369.460724,TRUE
15-12-2023,102,3,55.12,369.460724,TRUE
15-12-2023,103,3,77.26,369.460724,TRUE
15-12-2023,104,3,55.9,369.460724,TRUE
16-12-2023,102,1,77.2,369.460724,TRUE
16-12-2023,101,2,59.82,369.460724,TRUE
16-12-2023,101,1,57.12,369.460724,TRUE
16-12-2023,103,1,71.44,369.460724,TRUE
16-12-2023,104,1,82.23,369.460724,TRUE
16-12-2023,102,2,56.83,369.460724,TRUE
16-12-2023,103,2,60.74,369.460724,TRUE
16-12-2023,101,3,72.41,369.460724,TRUE
16-12-2023,102,3,72.31,369.460724,TRUE
16-12-2023,104,3,81.02,369.460724,TRUE
16-12-2023,104,2,79.57,369.460724,TRUE
16-12-2023,103,3,60.69,369.460724,TRUE
17-12-2023,101,2,77.37,369.460724,TRUE
17-12-2023,102,2,56.62,369.460724,TRUE
17-12-2023,101,1,66.36,369.460724,TRUE
17-12-2023,102,1,64.31,369.460724,TRUE
17-12-2023,103,1,72.58,369.460724,TRUE
17-12-2023,104,1,76,369.460724,TRUE
17-12-2023,104,2,90.03,369.460724,TRUE
17-12-2023,102,3,59.94,369.460724,TRUE
17-12-2023,103,3,87.1,369.460724,TRUE
17-12-2023,103,2,102.04,369.460724,TRUE
17-12-2023,104,3,70.34,369.460724,TRUE
17-12-2023,101,3,81.35,369.460724,TRUE
18-12-2023,101,1,90.64,369.460724,TRUE
18-12-2023,102,1,85.67,369.460724,TRUE
18-12-2023,103,1,95.85,369.460724,TRUE
18-12-2023,104,1,95.18,369.460724,TRUE
18-12-2023,101,2,88.7,369.460724,TRUE
18-12-2023,102,2,99.24,369.460724,TRUE
18-12-2023,103,2,96.75,369.460724,TRUE
18-12-2023,104,2,104.99,369.460724,TRUE
18-12-2023,101,3,70.97,369.460724,TRUE
18-12-2023,102,3,104.4,369.460724,TRUE
18-12-2023,103,3,92.19,369.460724,TRUE
18-12-2023,104,3,87.96,369.460724,TRUE
19-12-2023,101,2,88.59,369.460724,TRUE
19-12-2023,101,1,83.97,369.460724,TRUE
19-12-2023,102,1,71.2,369.460724,TRUE
19-12-2023,103,1,87.26,369.460724,TRUE
19-12-2023,104,1,113.11,369.460724,TRUE
19-12-2023,102,2,93.59,369.460724,TRUE
19-12-2023,103,2,61.66,369.460724,TRUE
19-12-2023,101,3,86.6,369.460724,TRUE
19-12-2023,102,3,75.95,369.460724,TRUE
19-12-2023,103,3,43.55,369.460724,TRUE
19-12-2023,104,3,70.77,369.460724,TRUE
19-12-2023,104,2,46.94,369.460724,TRUE
20-12-2023,104,1,63.27,369.460724,TRUE
20-12-2023,101,1,78.3,369.460724,TRUE
20-12-2023,102,2,90.23,369.460724,TRUE
20-12-2023,103,1,71.86,369.460724,TRUE
20-12-2023,101,2,53.17,369.460724,TRUE
20-12-2023,102,1,65.38,369.460724,TRUE
20-12-2023,103,2,66.42,369.460724,TRUE
20-12-2023,101,3,73.47,369.460724,TRUE
20-12-2023,104,3,64.73,369.460724,TRUE
20-12-2023,103,3,56.11,369.460724,TRUE
20-12-2023,104,2,59.14,369.460724,TRUE
20-12-2023,102,3,57.1,369.460724,TRUE
21-12-2023,101,1,62.47,369.460724,TRUE
21-12-2023,102,1,72.68,369.460724,TRUE
21-12-2023,103,1,69.94,369.460724,TRUE
21-12-2023,104,1,50.58,369.460724,TRUE
21-12-2023,101,2,63.1,369.460724,TRUE
21-12-2023,102,2,56.67,369.460724,TRUE
21-12-2023,103,2,76.82,369.460724,TRUE
21-12-2023,104,2,84.83,369.460724,TRUE
21-12-2023,101,3,57.61,369.460724,TRUE
21-12-2023,102,3,66.61,369.460724,TRUE
21-12-2023,103,3,47.79,369.460724,TRUE
21-12-2023,104,3,63.44,369.460724,TRUE
22-12-2023,101,2,77.33,369.460724,TRUE
22-12-2023,101,1,97,369.460724,TRUE
22-12-2023,102,1,75.42,369.460724,TRUE
22-12-2023,103,1,98.99,369.460724,TRUE
22-12-2023,104,1,52.9,369.460724,TRUE
22-12-2023,102,2,61.28,369.460724,TRUE
22-12-2023,103,2,79.87,369.460724,TRUE
22-12-2023,101,3,92,369.460724,TRUE
22-12-2023,102,3,80.23,369.460724,TRUE
22-12-2023,103,3,49.31,369.460724,TRUE
22-12-2023,104,3,53.94,369.460724,TRUE
22-12-2023,104,2,43.74,369.460724,TRUE
23-12-2023,101,2,46.12,369.460724,TRUE
23-12-2023,101,1,66.71,369.460724,TRUE
23-12-2023,102,1,72.89,369.460724,TRUE
23-12-2023,103,1,56.15,369.460724,TRUE
23-12-2023,104,1,66.04,369.460724,TRUE
23-12-2023,102,2,81.59,369.460724,TRUE
23-12-2023,103,2,71.68,369.460724,TRUE
23-12-2023,101,3,84.54,369.460724,TRUE
23-12-2023,102,3,75.86,369.460724,TRUE
23-12-2023,103,3,103.81,369.460724,TRUE
23-12-2023,104,3,50.07,369.460724,TRUE
23-12-2023,104,2,86.8,369.460724,TRUE
24-12-2023,102,2,95.2,369.460724,TRUE
24-12-2023,101,1,89.4,369.460724,TRUE
24-12-2023,102,1,95.47,369.460724,TRUE
24-12-2023,103,1,66.44,369.460724,TRUE
24-12-2023,104,1,91.55,369.460724,TRUE
24-12-2023,101,2,93.69,369.460724,TRUE
24-12-2023,104,2,64.73,369.460724,TRUE
24-12-2023,101,3,105.9,369.460724,TRUE
24-12-2023,102,3,76.48,369.460724,TRUE
24-12-2023,103,3,99.14,369.460724,TRUE
24-12-2023,104,3,104.82,369.460724,TRUE
24-12-2023,103,2,81.04,369.460724,TRUE
25-12-2023,101,2,101.88,369.460724,TRUE
25-12-2023,102,2,86.66,369.460724,TRUE
25-12-2023,102,1,64.8,369.460724,TRUE
25-12-2023,103,1,109.51,369.460724,TRUE
25-12-2023,104,1,91.18,369.460724,TRUE
25-12-2023,101,1,103.08,369.460724,TRUE
25-12-2023,104,2,91.1,369.460724,TRUE
25-12-2023,101,3,84.26,369.460724,TRUE
25-12-2023,102,3,87.86,369.460724,TRUE
25-12-2023,103,3,74.57,369.460724,TRUE
25-12-2023,104,3,71.93,369.460724,TRUE
25-12-2023,103,2,89.94,369.460724,TRUE
26-12-2023,101,2,75.5,369.460724,TRUE
26-12-2023,101,1,91.69,369.460724,TRUE
26-12-2023,102,1,86.91,369.460724,TRUE
26-12-2023,102,2,74.97,369.460724,TRUE
26-12-2023,104,1,88.63,369.460724,TRUE
26-12-2023,103,1,71.93,369.460724,TRUE
26-12-2023,102,3,92.3,369.460724,TRUE
26-12-2023,101,3,66.73,369.460724,TRUE
26-12-2023,104,3,72.49,369.460724,TRUE
26-12-2023,103,3,94.06,369.460724,TRUE
26-12-2023,104,2,72.63,369.460724,TRUE
26-12-2023,103,2,83.67,369.460724,TRUE
27-12-2023,102,2,90.88,369.460724,TRUE
27-12-2023,101,1,68.49,369.460724,TRUE
27-12-2023,102,1,95.19,369.460724,TRUE
27-12-2023,103,1,61.42,369.460724,TRUE
27-12-2023,104,1,86.79,369.460724,TRUE
27-12-2023,101,2,90.03,369.460724,TRUE
27-12-2023,104,2,63.03,369.460724,TRUE
27-12-2023,101,3,68.31,369.460724,TRUE
27-12-2023,102,3,54.25,369.460724,TRUE
27-12-2023,103,3,50.74,369.460724,TRUE
27-12-2023,104,3,59.2,369.460724,TRUE
27-12-2023,103,2,77.43,369.460724,TRUE
28-12-2023,101,2,80.32,369.460724,TRUE
28-12-2023,102,2,78.81,369.460724,TRUE
28-12-2023,102,1,49.68,369.460724,TRUE
28-12-2023,103,1,53.14,369.460724,TRUE
28-12-2023,104,1,35.22,369.460724,TRUE
28-12-2023,101,1,54.34,369.460724,TRUE
28-12-2023,104,2,70.38,369.460724,TRUE
28-12-2023,101,3,91.67,369.460724,TRUE
28-12-2023,102,3,71.16,369.460724,TRUE
28-12-2023,103,3,71.03,369.460724,TRUE
28-12-2023,104,3,76.78,369.460724,TRUE
28-12-2023,103,2,87.42,369.460724,TRUE
29-12-2023,101,2,67.04,369.460724,TRUE
29-12-2023,101,1,96.34,369.460724,TRUE
29-12-2023,102,1,85.25,369.460724,TRUE
29-12-2023,103,1,87.69,369.460724,TRUE
29-12-2023,102,2,84.27,369.460724,TRUE
29-12-2023,104,1,67.18,369.460724,TRUE
29-12-2023,101,3,83.37,369.460724,TRUE
29-12-2023,104,3,58.81,369.460724,TRUE
29-12-2023,102,3,61.92,369.460724,TRUE
29-12-2023,103,3,70.17,369.460724,TRUE
29-12-2023,104,2,84.69,369.460724,TRUE
29-12-2023,103,2,80.14,369.460724,TRUE
30-12-2023,102,2,91.07,369.460724,TRUE
30-12-2023,101,1,79.57,369.460724,TRUE
30-12-2023,103,1,61.69,369.460724,TRUE
30-12-2023,104,1,61.71,369.460724,TRUE
30-12-2023,101,2,70.21,369.460724,TRUE
30-12-2023,102,1,97.46,369.460724,TRUE
30-12-2023,103,2,86.62,369.460724,TRUE
30-12-2023,104,2,105.92,369.460724,TRUE
30-12-2023,101,3,85.89,369.460724,TRUE
30-12-2023,103,3,111.87,369.460724,TRUE
30-12-2023,104,3,95.83,369.460724,TRUE
30-12-2023,102,3,83.12,369.460724,TRUE
31-12-2023,103,3,91.54,369.460724,TRUE
31-12-2023,101,1,62.63,369.460724,TRUE
31-12-2023,102,1,82.82,369.460724,TRUE
31-12-2023,104,1,96.3,369.460724,TRUE
31-12-2023,103,1,69.72,369.460724,TRUE
31-12-2023,104,2,76.61,369.460724,TRUE
31-12-2023,103,2,84.16,369.460724,TRUE
31-12-2023,101,3,94.99,369.460724,TRUE
31-12-2023,102,3,88.13,369.460724,TRUE
31-12-2023,101,2,94.35,369.460724,TRUE
31-12-2023,102,2,107.52,369.460724,TRUE
31-12-2023,104,3,69.01,369.460724,TRUE
